Woo Order Number,Order ID,Channel ID,Country,State,order_created_ts,Order Updates,Update Timestamp,Carrier,Tracking Number,Tracking Shipped,shipstation_create_ts,pipe17_ts,delivered_ts,Channel,order_to_shipstation_hrs,shipstation_to_pipe17_hrs,pipe17_to_delivered_hrs,order_to_delivered_hrs,sales_channel,delivery_speed_category,order_date_day
309072,111-2283757-4969834,90,US,FL,9/6/2025 17:36,,9/6/2025 17:36,FedEx,3.9296E+11,9/8/2025 8:38,9/6/2025 15:35,,,,-2.009166667,,,,nan,,9/6/2025
309072,111-2283757-4969834,90,US,FL,9/6/2025 17:36,,9/8/2025 7:39,FedEx,3.9296E+11,9/8/2025 8:38,9/6/2025 15:35,,,,-2.009166667,,,,nan,,9/6/2025
309072,111-2283757-4969834,90,US,FL,9/6/2025 17:36,,9/8/2025 8:38,FedEx,3.9296E+11,9/8/2025 8:38,9/6/2025 15:35,,,,-2.009166667,,,,nan,,9/6/2025
309072,111-2283757-4969834,90,US,FL,9/6/2025 17:36,,9/8/2025 8:54,FedEx,3.9296E+11,9/8/2025 8:38,9/6/2025 15:35,,,,-2.009166667,,,,nan,,9/6/2025
309270,nan,85,US,CO,9/24/2025 8:23,,9/24/2025 8:23,FedEx,3.93627E+11,9/29/2025 7:33,,,,,,,,,nan,,9/24/2025
309270,nan,85,US,CO,9/24/2025 8:23,,9/24/2025 8:23,FedEx,3.93627E+11,9/29/2025 7:33,,,,,,,,,nan,,9/24/2025
309270,nan,85,US,CO,9/24/2025 8:23,,9/24/2025 8:55,FedEx,3.93627E+11,9/29/2025 7:33,,,,,,,,,nan,,9/24/2025
309270,nan,85,US,CO,9/24/2025 8:23,,9/24/2025 12:33,FedEx,3.93627E+11,9/29/2025 7:33,,,,,,,,,nan,,9/24/2025
309282,nan,0,US,MT,9/25/2025 9:51,,9/25/2025 9:51,FedEx,3.93627E+11,9/29/2025 7:33,,,,,,,,,nan,,9/25/2025
309282,nan,0,US,MT,9/25/2025 9:51,,9/25/2025 9:51,FedEx,3.93627E+11,9/29/2025 7:33,,,,,,,,,nan,,9/25/2025
309283,113-8848136-7690662,90,US,IN,9/25/2025 12:06,,9/25/2025 12:06,,,,9/25/2025 10:05,,,,-2.009444444,,,,nan,,9/25/2025
309283,113-8848136-7690662,90,US,IN,9/25/2025 12:06,,9/25/2025 12:06,,,,9/25/2025 10:05,,,,-2.009444444,,,,nan,,9/25/2025
309290,113-4560905-6854627,90,US,CA,9/25/2025 13:51,,9/25/2025 13:51,FedEx,3.93627E+11,9/29/2025 7:33,9/25/2025 11:50,,,,-2.009722222,,,,nan,,9/25/2025
309290,113-4560905-6854627,90,US,CA,9/25/2025 13:51,,9/25/2025 13:51,FedEx,3.93627E+11,9/29/2025 7:33,9/25/2025 11:50,,,,-2.009722222,,,,nan,,9/25/2025
309282,nan,0,US,MT,9/25/2025 9:51,,9/25/2025 14:03,FedEx,3.93627E+11,9/29/2025 7:33,,,,,,,,,nan,,9/25/2025
309291,nan,84,US,CO,9/25/2025 14:28,,9/25/2025 14:32,FedEx,3.93627E+11,9/29/2025 7:33,,,,,,,,,nan,,9/25/2025
309291,nan,84,US,CO,9/25/2025 14:28,,9/25/2025 14:42,FedEx,3.93627E+11,9/29/2025 7:33,,,,,,,,,nan,,9/25/2025
309291,nan,84,US,CO,9/25/2025 14:28,,9/25/2025 14:43,FedEx,3.93627E+11,9/29/2025 7:33,,,,,,,,,nan,,9/25/2025
309291,nan,84,US,CO,9/25/2025 14:28,,9/25/2025 15:39,FedEx,3.93627E+11,9/29/2025 7:33,,,,,,,,,nan,,9/25/2025
309292,113-2284391-0792243,90,US,FL,9/25/2025 15:51,,9/25/2025 15:51,FedEx,3.93627E+11,9/29/2025 7:33,9/25/2025 13:50,,,,-2.010277778,,,,nan,,9/25/2025
309292,113-2284391-0792243,90,US,FL,9/25/2025 15:51,,9/25/2025 15:51,FedEx,3.93627E+11,9/29/2025 7:33,9/25/2025 13:50,,,,-2.010277778,,,,nan,,9/25/2025
309293,nan,0,US,TX,9/25/2025 20:53,,9/25/2025 20:54,FedEx,3.93627E+11,9/29/2025 7:33,,,,,,,,,nan,,9/25/2025
309293,nan,0,US,TX,9/25/2025 20:53,,9/25/2025 20:54,FedEx,3.93627E+11,9/29/2025 7:33,,,,,,,,,nan,,9/25/2025
309294,nan,0,US,PA,9/26/2025 4:06,,9/26/2025 4:06,FedEx,3.93628E+11,9/29/2025 7:34,,,,,,,,,nan,,9/26/2025
309294,nan,0,US,PA,9/26/2025 4:06,,9/26/2025 4:06,FedEx,3.93628E+11,9/29/2025 7:34,,,,,,,,,nan,,9/26/2025
309292,113-2284391-0792243,90,US,FL,9/25/2025 15:51,,9/26/2025 7:38,FedEx,3.93627E+11,9/29/2025 7:33,9/25/2025 13:50,,,,-2.010277778,,,,nan,,9/25/2025
309291,nan,84,US,CO,9/25/2025 14:28,,9/26/2025 7:38,FedEx,3.93627E+11,9/29/2025 7:33,,,,,,,,,nan,,9/25/2025
309290,113-4560905-6854627,90,US,CA,9/25/2025 13:51,,9/26/2025 7:38,FedEx,3.93627E+11,9/29/2025 7:33,9/25/2025 11:50,,,,-2.009722222,,,,nan,,9/25/2025
309293,nan,0,US,TX,9/25/2025 20:53,,9/26/2025 7:38,FedEx,3.93627E+11,9/29/2025 7:33,,,,,,,,,nan,,9/25/2025
309294,nan,0,US,PA,9/26/2025 4:06,,9/26/2025 7:38,FedEx,3.93628E+11,9/29/2025 7:34,,,,,,,,,nan,,9/26/2025
309295,nan,85,US,CA,9/26/2025 9:32,,9/26/2025 9:32,FedEx,3.9372E+11,9/29/2025 14:53,,,,,,,,,nan,,9/26/2025
309295,nan,85,US,CA,9/26/2025 9:32,,9/26/2025 9:32,FedEx,3.9372E+11,9/29/2025 14:53,,,,,,,,,nan,,9/26/2025
309295,nan,85,US,CA,9/26/2025 9:32,,9/26/2025 9:48,FedEx,3.9372E+11,9/29/2025 14:53,,,,,,,,,nan,,9/26/2025
309296,702-5887493-0263469,90,CA,AB,9/26/2025 10:51,,9/26/2025 10:51,purolator,5.20076E+11,9/29/2025 8:58,9/26/2025 8:50,,,,-2.018055556,,,,nan,,9/26/2025
309296,702-5887493-0263469,90,CA,AB,9/26/2025 10:51,,9/26/2025 10:51,purolator,5.20076E+11,9/29/2025 8:58,9/26/2025 8:50,,,,-2.018055556,,,,nan,,9/26/2025
309297,111-0400745-5061851,90,US,MA,9/26/2025 12:21,,9/26/2025 12:21,FedEx,3.93719E+11,9/29/2025 14:53,9/26/2025 10:20,,,,-2.010277778,,,,nan,,9/26/2025
309297,111-0400745-5061851,90,US,MA,9/26/2025 12:21,,9/26/2025 12:21,FedEx,3.93719E+11,9/29/2025 14:53,9/26/2025 10:20,,,,-2.010277778,,,,nan,,9/26/2025
309298,nan,0,US,NY,9/26/2025 13:13,,9/26/2025 13:13,FedEx,3.93719E+11,9/29/2025 14:53,,,,,,,,,nan,,9/26/2025
309298,nan,0,US,NY,9/26/2025 13:13,,9/26/2025 13:13,FedEx,3.93719E+11,9/29/2025 14:53,,,,,,,,,nan,,9/26/2025
309295,nan,85,US,CA,9/26/2025 9:32,,9/26/2025 13:43,FedEx,3.9372E+11,9/29/2025 14:53,,,,,,,,,nan,,9/26/2025
309299,nan,0,US,CT,9/26/2025 13:51,,9/26/2025 13:51,FedEx,3.9372E+11,9/29/2025 14:55,,,,,,,,,nan,,9/26/2025
309299,nan,0,US,CT,9/26/2025 13:51,,9/26/2025 13:51,FedEx,3.9372E+11,9/29/2025 14:55,,,,,,,,,nan,,9/26/2025
309299,nan,0,US,CT,9/26/2025 13:51,,9/26/2025 14:06,FedEx,3.9372E+11,9/29/2025 14:55,,,,,,,,,nan,,9/26/2025
309299,nan,0,US,CT,9/26/2025 13:51,,9/26/2025 14:06,FedEx,3.9372E+11,9/29/2025 14:55,,,,,,,,,nan,,9/26/2025
309300,113-3758180-4380236,90,US,FL,9/26/2025 14:21,,9/26/2025 14:21,FedEx,3.93719E+11,9/29/2025 14:54,9/26/2025 12:20,,,,-2.009722222,,,,nan,,9/26/2025
309300,113-3758180-4380236,90,US,FL,9/26/2025 14:21,,9/26/2025 14:21,FedEx,3.93719E+11,9/29/2025 14:54,9/26/2025 12:20,,,,-2.009722222,,,,nan,,9/26/2025
309296,702-5887493-0263469,90,CA,AB,9/26/2025 10:51,,9/26/2025 15:03,purolator,5.20076E+11,9/29/2025 8:58,9/26/2025 8:50,,,,-2.018055556,,,,nan,,9/26/2025
309301,nan,0,US,MI,9/26/2025 15:40,,9/26/2025 15:43,,,,,,,,,,,,nan,,9/26/2025
309301,nan,0,US,MI,9/26/2025 15:40,,9/26/2025 15:46,,,,,,,,,,,,nan,,9/26/2025
309297,111-0400745-5061851,90,US,MA,9/26/2025 12:21,,9/26/2025 16:33,FedEx,3.93719E+11,9/29/2025 14:53,9/26/2025 10:20,,,,-2.010277778,,,,nan,,9/26/2025
309302,114-5793071-9188223,90,US,NC,9/26/2025 16:36,,9/26/2025 16:36,FedEx,3.93719E+11,9/29/2025 14:53,9/26/2025 14:35,,,,-2.008888889,,,,nan,,9/26/2025
309302,114-5793071-9188223,90,US,NC,9/26/2025 16:36,,9/26/2025 16:36,FedEx,3.93719E+11,9/29/2025 14:53,9/26/2025 14:35,,,,-2.008888889,,,,nan,,9/26/2025
309303,111-3486078-1707456,90,US,ID,9/26/2025 17:06,,9/26/2025 17:06,FedEx,3.93719E+11,9/29/2025 14:54,9/26/2025 15:05,,,,-2.009722222,,,,nan,,9/26/2025
309303,111-3486078-1707456,90,US,ID,9/26/2025 17:06,,9/26/2025 17:06,FedEx,3.93719E+11,9/29/2025 14:54,9/26/2025 15:05,,,,-2.009722222,,,,nan,,9/26/2025
309298,nan,0,US,NY,9/26/2025 13:13,,9/26/2025 17:23,FedEx,3.93719E+11,9/29/2025 14:53,,,,,,,,,nan,,9/26/2025
309304,nan,0,US,VA,9/26/2025 18:22,,9/26/2025 18:22,USPS,9.43465E+21,9/29/2025 14:54,,,,,,,,,nan,,9/26/2025
309305,nan,0,US,NJ,9/26/2025 19:31,,9/26/2025 19:31,FedEx,3.93718E+11,9/29/2025 14:54,,,,,,,,,nan,,9/26/2025
309305,nan,0,US,NJ,9/26/2025 19:31,,9/26/2025 19:31,FedEx,3.93718E+11,9/29/2025 14:54,,,,,,,,,nan,,9/26/2025
309305,nan,0,US,NJ,9/26/2025 19:31,,9/26/2025 19:31,FedEx,3.93718E+11,9/29/2025 14:54,,,,,,,,,nan,,9/26/2025
309306,nan,0,US,CA,9/26/2025 20:38,,9/26/2025 20:38,FedEx,3.93718E+11,9/29/2025 14:54,,,,,,,,,nan,,9/26/2025
309307,112-0000406-3151439,90,US,CO,9/26/2025 22:06,,9/26/2025 22:06,FedEx,3.93719E+11,9/29/2025 14:55,9/26/2025 20:05,,,,-2.009444444,,,,nan,,9/26/2025
309307,112-0000406-3151439,90,US,CO,9/26/2025 22:06,,9/26/2025 22:06,FedEx,3.93719E+11,9/29/2025 14:55,9/26/2025 20:05,,,,-2.009444444,,,,nan,,9/26/2025
309308,nan,0,US,CA,9/26/2025 23:37,,9/26/2025 23:37,FedEx,3.93718E+11,9/29/2025 14:53,,,,,,,,,nan,,9/26/2025
309308,nan,0,US,CA,9/26/2025 23:37,,9/26/2025 23:37,FedEx,3.93718E+11,9/29/2025 14:53,,,,,,,,,nan,,9/26/2025
309309,111-0402465-1337824,90,US,ND,9/27/2025 2:51,,9/27/2025 2:51,FedEx,3.93718E+11,9/29/2025 14:54,9/27/2025 0:50,,,,-2.009444444,,,,nan,,9/27/2025
309309,111-0402465-1337824,90,US,ND,9/27/2025 2:51,,9/27/2025 2:51,FedEx,3.93718E+11,9/29/2025 14:54,9/27/2025 0:50,,,,-2.009444444,,,,nan,,9/27/2025
309310,113-3810996-3690642,90,US,TX,9/27/2025 7:51,,9/27/2025 7:51,FedEx,3.93719E+11,9/29/2025 14:54,9/27/2025 5:50,,,,-2.009722222,,,,nan,,9/27/2025
309310,113-3810996-3690642,90,US,TX,9/27/2025 7:51,,9/27/2025 7:51,FedEx,3.93719E+11,9/29/2025 14:54,9/27/2025 5:50,,,,-2.009722222,,,,nan,,9/27/2025
309311,nan,0,US,CO,9/27/2025 8:10,,9/27/2025 8:10,FedEx,3.93718E+11,9/29/2025 14:55,,,,,,,,,nan,,9/27/2025
309311,nan,0,US,CO,9/27/2025 8:10,,9/27/2025 8:10,FedEx,3.93718E+11,9/29/2025 14:55,,,,,,,,,nan,,9/27/2025
309317,nan,0,US,NJ,9/27/2025 9:33,,9/27/2025 9:35,FedEx,3.93718E+11,9/29/2025 14:56,,,,,,,,,nan,,9/27/2025
309317,nan,0,US,NJ,9/27/2025 9:33,,9/27/2025 9:36,FedEx,3.93718E+11,9/29/2025 14:56,,,,,,,,,nan,,9/27/2025
309317,nan,0,US,NJ,9/27/2025 9:33,,9/27/2025 9:38,FedEx,3.93718E+11,9/29/2025 14:56,,,,,,,,,nan,,9/27/2025
309318,111-0057261-5615446,90,US,CT,9/27/2025 11:06,,9/27/2025 11:06,FedEx,3.93719E+11,9/29/2025 14:55,9/27/2025 9:05,,,,-2.009444444,,,,nan,,9/27/2025
309318,111-0057261-5615446,90,US,CT,9/27/2025 11:06,,9/27/2025 11:06,FedEx,3.93719E+11,9/29/2025 14:55,9/27/2025 9:05,,,,-2.009444444,,,,nan,,9/27/2025
309319,113-0464584-4176253,90,US,VA,9/27/2025 11:36,,9/27/2025 11:36,FedEx,3.93719E+11,9/29/2025 14:56,9/27/2025 9:35,,,,-2.009166667,,,,nan,,9/27/2025
309319,113-0464584-4176253,90,US,VA,9/27/2025 11:36,,9/27/2025 11:36,FedEx,3.93719E+11,9/29/2025 14:56,9/27/2025 9:35,,,,-2.009166667,,,,nan,,9/27/2025
309320,nan,0,US,VA,9/27/2025 12:03,,9/27/2025 12:03,FedEx,3.93718E+11,9/29/2025 14:56,,,,,,,,,nan,,9/27/2025
309320,nan,0,US,VA,9/27/2025 12:03,,9/27/2025 12:03,FedEx,3.93718E+11,9/29/2025 14:56,,,,,,,,,nan,,9/27/2025
309321,nan,0,US,WA,9/27/2025 12:57,,9/27/2025 12:57,FedEx,3.93719E+11,9/29/2025 14:55,,,,,,,,,nan,,9/27/2025
309321,nan,0,US,WA,9/27/2025 12:57,,9/27/2025 12:58,FedEx,3.93719E+11,9/29/2025 14:55,,,,,,,,,nan,,9/27/2025
309322,111-4004528-9102622,90,US,MI,9/27/2025 13:36,,9/27/2025 13:36,FedEx,3.93718E+11,9/29/2025 14:55,9/27/2025 11:35,,,,-2.009166667,,,,nan,,9/27/2025
309322,111-4004528-9102622,90,US,MI,9/27/2025 13:36,,9/27/2025 13:36,FedEx,3.93718E+11,9/29/2025 14:55,9/27/2025 11:35,,,,-2.009166667,,,,nan,,9/27/2025
309323,113-3773065-1299430,90,US,UT,9/27/2025 15:21,,9/27/2025 15:21,FedEx,3.93718E+11,9/29/2025 14:55,9/27/2025 13:20,,,,-2.009722222,,,,nan,,9/27/2025
309323,113-3773065-1299430,90,US,UT,9/27/2025 15:21,,9/27/2025 15:21,FedEx,3.93718E+11,9/29/2025 14:55,9/27/2025 13:20,,,,-2.009722222,,,,nan,,9/27/2025
309324,113-6132492-3933831,90,US,NJ,9/27/2025 21:06,,9/27/2025 21:06,FedEx,3.93719E+11,9/29/2025 14:56,9/27/2025 19:05,,,,-2.009722222,,,,nan,,9/27/2025
309324,113-6132492-3933831,90,US,NJ,9/27/2025 21:06,,9/27/2025 21:06,FedEx,3.93719E+11,9/29/2025 14:56,9/27/2025 19:05,,,,-2.009722222,,,,nan,,9/27/2025
309325,nan,0,US,CA,9/27/2025 21:15,,9/27/2025 21:15,FedEx,3.9372E+11,9/29/2025 14:57,,,,,,,,,nan,,9/27/2025
309326,nan,0,US,IL,9/28/2025 10:00,,9/28/2025 10:00,USPS,9.43465E+21,9/29/2025 14:58,,,,,,,,,nan,,9/28/2025
309326,nan,0,US,IL,9/28/2025 10:00,,9/28/2025 10:00,USPS,9.43465E+21,9/29/2025 14:58,,,,,,,,,nan,,9/28/2025
309327,113-2627365-2518632,90,US,NC,9/28/2025 10:21,,9/28/2025 10:21,FedEx,3.93719E+11,9/29/2025 14:56,9/28/2025 8:20,,,,-2.009444444,,,,nan,,9/28/2025
309327,113-2627365-2518632,90,US,NC,9/28/2025 10:21,,9/28/2025 10:21,FedEx,3.93719E+11,9/29/2025 14:56,9/28/2025 8:20,,,,-2.009444444,,,,nan,,9/28/2025
309328,nan,0,US,NJ,9/28/2025 13:26,,9/28/2025 13:27,FedEx,3.93718E+11,9/29/2025 14:59,,,,,,,,,nan,,9/28/2025
309328,nan,0,US,NJ,9/28/2025 13:26,,9/28/2025 13:27,FedEx,3.93718E+11,9/29/2025 14:59,,,,,,,,,nan,,9/28/2025
309329,114-2567443-2900250,90,US,SC,9/28/2025 13:36,,9/28/2025 13:36,FedEx,3.93719E+11,9/29/2025 14:58,9/28/2025 11:35,,,,-2.009444444,,,,nan,,9/28/2025
309329,114-2567443-2900250,90,US,SC,9/28/2025 13:36,,9/28/2025 13:36,FedEx,3.93719E+11,9/29/2025 14:58,9/28/2025 11:35,,,,-2.009444444,,,,nan,,9/28/2025
309330,114-2530101-2282638,90,US,VA,9/28/2025 14:06,,9/28/2025 14:06,FedEx,3.93719E+11,9/29/2025 14:56,9/28/2025 12:05,,,,-2.009722222,,,,nan,,9/28/2025
309330,114-2530101-2282638,90,US,VA,9/28/2025 14:06,,9/28/2025 14:06,FedEx,3.93719E+11,9/29/2025 14:56,9/28/2025 12:05,,,,-2.009722222,,,,nan,,9/28/2025
309331,nan,0,US,VA,9/28/2025 15:54,,9/28/2025 15:54,FedEx,3.93719E+11,9/29/2025 14:59,,,,,,,,,nan,,9/28/2025
309331,nan,0,US,VA,9/28/2025 15:54,,9/28/2025 15:54,FedEx,3.93719E+11,9/29/2025 14:59,,,,,,,,,nan,,9/28/2025
309332,nan,0,US,WA,9/28/2025 17:44,,9/28/2025 17:44,FedEx,3.9372E+11,9/29/2025 14:57,,,,,,,,,nan,,9/28/2025
309332,nan,0,US,WA,9/28/2025 17:44,,9/28/2025 17:46,FedEx,3.9372E+11,9/29/2025 14:57,,,,,,,,,nan,,9/28/2025
309332,nan,0,US,WA,9/28/2025 17:44,,9/28/2025 17:46,FedEx,3.9372E+11,9/29/2025 14:57,,,,,,,,,nan,,9/28/2025
309333,111-5642046-5221040,90,US,TX,9/28/2025 19:51,,9/28/2025 19:51,FedEx,3.93718E+11,9/29/2025 14:58,9/28/2025 17:50,,,,-2.01,,,,nan,,9/28/2025
309333,111-5642046-5221040,90,US,TX,9/28/2025 19:51,,9/28/2025 19:51,FedEx,3.93718E+11,9/29/2025 14:58,9/28/2025 17:50,,,,-2.01,,,,nan,,9/28/2025
309334,111-9053360-7782653,90,US,OR,9/28/2025 20:51,,9/28/2025 20:51,FedEx,3.93719E+11,9/29/2025 14:57,9/28/2025 18:50,,,,-2.01,,,,nan,,9/28/2025
309334,111-9053360-7782653,90,US,OR,9/28/2025 20:51,,9/28/2025 20:51,FedEx,3.93719E+11,9/29/2025 14:57,9/28/2025 18:50,,,,-2.01,,,,nan,,9/28/2025
309335,111-0479515-8849010,90,US,OR,9/29/2025 4:36,,9/29/2025 4:36,FedEx,3.93719E+11,9/29/2025 14:59,9/29/2025 2:35,,,,-2.010277778,,,,nan,,9/29/2025
309335,111-0479515-8849010,90,US,OR,9/29/2025 4:36,,9/29/2025 4:36,FedEx,3.93719E+11,9/29/2025 14:59,9/29/2025 2:35,,,,-2.010277778,,,,nan,,9/29/2025
309270,nan,85,US,CO,9/24/2025 8:23,,9/29/2025 7:33,FedEx,3.93627E+11,9/29/2025 7:33,,,,,,,,,nan,,9/24/2025
309282,nan,0,US,MT,9/25/2025 9:51,,9/29/2025 7:33,FedEx,3.93627E+11,9/29/2025 7:33,,,,,,,,,nan,,9/25/2025
309292,113-2284391-0792243,90,US,FL,9/25/2025 15:51,,9/29/2025 7:33,FedEx,3.93627E+11,9/29/2025 7:33,9/25/2025 13:50,,,,-2.010277778,,,,nan,,9/25/2025
309291,nan,84,US,CO,9/25/2025 14:28,,9/29/2025 7:33,FedEx,3.93627E+11,9/29/2025 7:33,,,,,,,,,nan,,9/25/2025
309290,113-4560905-6854627,90,US,CA,9/25/2025 13:51,,9/29/2025 7:33,FedEx,3.93627E+11,9/29/2025 7:33,9/25/2025 11:50,,,,-2.009722222,,,,nan,,9/25/2025
309293,nan,0,US,TX,9/25/2025 20:53,,9/29/2025 7:34,FedEx,3.93627E+11,9/29/2025 7:33,,,,,,,,,nan,,9/25/2025
309294,nan,0,US,PA,9/26/2025 4:06,,9/29/2025 7:34,FedEx,3.93628E+11,9/29/2025 7:34,,,,,,,,,nan,,9/26/2025
309302,114-5793071-9188223,90,US,NC,9/26/2025 16:36,,9/29/2025 7:38,FedEx,3.93719E+11,9/29/2025 14:53,9/26/2025 14:35,,,,-2.008888889,,,,nan,,9/26/2025
309308,nan,0,US,CA,9/26/2025 23:37,,9/29/2025 7:38,FedEx,3.93718E+11,9/29/2025 14:53,,,,,,,,,nan,,9/26/2025
309304,nan,0,US,VA,9/26/2025 18:22,,9/29/2025 7:38,USPS,9.43465E+21,9/29/2025 14:54,,,,,,,,,nan,,9/26/2025
309310,113-3810996-3690642,90,US,TX,9/27/2025 7:51,,9/29/2025 7:38,FedEx,3.93719E+11,9/29/2025 14:54,9/27/2025 5:50,,,,-2.009722222,,,,nan,,9/27/2025
309309,111-0402465-1337824,90,US,ND,9/27/2025 2:51,,9/29/2025 7:38,FedEx,3.93718E+11,9/29/2025 14:54,9/27/2025 0:50,,,,-2.009444444,,,,nan,,9/27/2025
309306,nan,0,US,CA,9/26/2025 20:38,,9/29/2025 7:38,FedEx,3.93718E+11,9/29/2025 14:54,,,,,,,,,nan,,9/26/2025
309305,nan,0,US,NJ,9/26/2025 19:31,,9/29/2025 7:38,FedEx,3.93718E+11,9/29/2025 14:54,,,,,,,,,nan,,9/26/2025
309303,111-3486078-1707456,90,US,ID,9/26/2025 17:06,,9/29/2025 7:38,FedEx,3.93719E+11,9/29/2025 14:54,9/26/2025 15:05,,,,-2.009722222,,,,nan,,9/26/2025
309300,113-3758180-4380236,90,US,FL,9/26/2025 14:21,,9/29/2025 7:38,FedEx,3.93719E+11,9/29/2025 14:54,9/26/2025 12:20,,,,-2.009722222,,,,nan,,9/26/2025
309299,nan,0,US,CT,9/26/2025 13:51,,9/29/2025 7:38,FedEx,3.9372E+11,9/29/2025 14:55,,,,,,,,,nan,,9/26/2025
309318,111-0057261-5615446,90,US,CT,9/27/2025 11:06,,9/29/2025 7:39,FedEx,3.93719E+11,9/29/2025 14:55,9/27/2025 9:05,,,,-2.009444444,,,,nan,,9/27/2025
309321,nan,0,US,WA,9/27/2025 12:57,,9/29/2025 7:39,FedEx,3.93719E+11,9/29/2025 14:55,,,,,,,,,nan,,9/27/2025
309311,nan,0,US,CO,9/27/2025 8:10,,9/29/2025 7:39,FedEx,3.93718E+11,9/29/2025 14:55,,,,,,,,,nan,,9/27/2025
309292,113-2284391-0792243,90,US,FL,9/25/2025 15:51,,9/29/2025 7:39,FedEx,3.93627E+11,9/29/2025 7:33,9/25/2025 13:50,,,,-2.010277778,,,,nan,,9/25/2025
309282,nan,0,US,MT,9/25/2025 9:51,,9/29/2025 7:39,FedEx,3.93627E+11,9/29/2025 7:33,,,,,,,,,nan,,9/25/2025
309270,nan,85,US,CO,9/24/2025 8:23,,9/29/2025 7:39,FedEx,3.93627E+11,9/29/2025 7:33,,,,,,,,,nan,,9/24/2025
309294,nan,0,US,PA,9/26/2025 4:06,,9/29/2025 7:39,FedEx,3.93628E+11,9/29/2025 7:34,,,,,,,,,nan,,9/26/2025
309293,nan,0,US,TX,9/25/2025 20:53,,9/29/2025 7:39,FedEx,3.93627E+11,9/29/2025 7:33,,,,,,,,,nan,,9/25/2025
309291,nan,84,US,CO,9/25/2025 14:28,,9/29/2025 7:39,FedEx,3.93627E+11,9/29/2025 7:33,,,,,,,,,nan,,9/25/2025
309290,113-4560905-6854627,90,US,CA,9/25/2025 13:51,,9/29/2025 7:39,FedEx,3.93627E+11,9/29/2025 7:33,9/25/2025 11:50,,,,-2.009722222,,,,nan,,9/25/2025
309322,111-4004528-9102622,90,US,MI,9/27/2025 13:36,,9/29/2025 7:39,FedEx,3.93718E+11,9/29/2025 14:55,9/27/2025 11:35,,,,-2.009166667,,,,nan,,9/27/2025
309307,112-0000406-3151439,90,US,CO,9/26/2025 22:06,,9/29/2025 7:39,FedEx,3.93719E+11,9/29/2025 14:55,9/26/2025 20:05,,,,-2.009444444,,,,nan,,9/26/2025
309323,113-3773065-1299430,90,US,UT,9/27/2025 15:21,,9/29/2025 7:39,FedEx,3.93718E+11,9/29/2025 14:55,9/27/2025 13:20,,,,-2.009722222,,,,nan,,9/27/2025
309319,113-0464584-4176253,90,US,VA,9/27/2025 11:36,,9/29/2025 7:39,FedEx,3.93719E+11,9/29/2025 14:56,9/27/2025 9:35,,,,-2.009166667,,,,nan,,9/27/2025
309317,nan,0,US,NJ,9/27/2025 9:33,,9/29/2025 7:39,FedEx,3.93718E+11,9/29/2025 14:56,,,,,,,,,nan,,9/27/2025
309320,nan,0,US,VA,9/27/2025 12:03,,9/29/2025 7:39,FedEx,3.93718E+11,9/29/2025 14:56,,,,,,,,,nan,,9/27/2025
309324,113-6132492-3933831,90,US,NJ,9/27/2025 21:06,,9/29/2025 7:39,FedEx,3.93719E+11,9/29/2025 14:56,9/27/2025 19:05,,,,-2.009722222,,,,nan,,9/27/2025
309330,114-2530101-2282638,90,US,VA,9/28/2025 14:06,,9/29/2025 7:39,FedEx,3.93719E+11,9/29/2025 14:56,9/28/2025 12:05,,,,-2.009722222,,,,nan,,9/28/2025
309327,113-2627365-2518632,90,US,NC,9/28/2025 10:21,,9/29/2025 7:39,FedEx,3.93719E+11,9/29/2025 14:56,9/28/2025 8:20,,,,-2.009444444,,,,nan,,9/28/2025
309334,111-9053360-7782653,90,US,OR,9/28/2025 20:51,,9/29/2025 7:40,FedEx,3.93719E+11,9/29/2025 14:57,9/28/2025 18:50,,,,-2.01,,,,nan,,9/28/2025
309325,nan,0,US,CA,9/27/2025 21:15,,9/29/2025 7:40,FedEx,3.9372E+11,9/29/2025 14:57,,,,,,,,,nan,,9/27/2025
309332,nan,0,US,WA,9/28/2025 17:44,,9/29/2025 7:40,FedEx,3.9372E+11,9/29/2025 14:57,,,,,,,,,nan,,9/28/2025
309329,114-2567443-2900250,90,US,SC,9/28/2025 13:36,,9/29/2025 7:40,FedEx,3.93719E+11,9/29/2025 14:58,9/28/2025 11:35,,,,-2.009444444,,,,nan,,9/28/2025
309333,111-5642046-5221040,90,US,TX,9/28/2025 19:51,,9/29/2025 7:40,FedEx,3.93718E+11,9/29/2025 14:58,9/28/2025 17:50,,,,-2.01,,,,nan,,9/28/2025
309326,nan,0,US,IL,9/28/2025 10:00,,9/29/2025 7:40,USPS,9.43465E+21,9/29/2025 14:58,,,,,,,,,nan,,9/28/2025
309328,nan,0,US,NJ,9/28/2025 13:26,,9/29/2025 7:40,FedEx,3.93718E+11,9/29/2025 14:59,,,,,,,,,nan,,9/28/2025
309331,nan,0,US,VA,9/28/2025 15:54,,9/29/2025 7:40,FedEx,3.93719E+11,9/29/2025 14:59,,,,,,,,,nan,,9/28/2025
309335,111-0479515-8849010,90,US,OR,9/29/2025 4:36,,9/29/2025 7:40,FedEx,3.93719E+11,9/29/2025 14:59,9/29/2025 2:35,,,,-2.010277778,,,,nan,,9/29/2025
309283,113-8848136-7690662,90,US,IN,9/25/2025 12:06,,9/29/2025 8:56,,,,9/25/2025 10:05,,,,-2.009444444,,,,nan,,9/25/2025
309283,113-8848136-7690662,90,US,IN,9/25/2025 12:06,,9/29/2025 8:57,,,,9/25/2025 10:05,,,,-2.009444444,,,,nan,,9/25/2025
309296,702-5887493-0263469,90,CA,AB,9/26/2025 10:51,,9/29/2025 8:58,purolator,5.20076E+11,9/29/2025 8:58,9/26/2025 8:50,,,,-2.018055556,,,,nan,,9/26/2025
309338,nan,0,US,NJ,9/29/2025 10:34,,9/29/2025 10:34,FedEx,3.93755E+11,10/1/2025 9:43,,,,,,,,,nan,,9/29/2025
309338,nan,0,US,NJ,9/29/2025 10:34,,9/29/2025 10:34,FedEx,3.93755E+11,10/1/2025 9:43,,,,,,,,,nan,,9/29/2025
309339,113-4494161-3021851,90,US,MT,9/29/2025 10:36,,9/29/2025 10:36,FedEx,3.93719E+11,9/29/2025 14:59,9/29/2025 8:35,,,,-2.009166667,,,,nan,,9/29/2025
309339,113-4494161-3021851,90,US,MT,9/29/2025 10:36,,9/29/2025 10:36,FedEx,3.93719E+11,9/29/2025 14:59,9/29/2025 8:35,,,,-2.009166667,,,,nan,,9/29/2025
309339,113-4494161-3021851,90,US,MT,9/29/2025 10:36,,9/29/2025 12:08,FedEx,3.93719E+11,9/29/2025 14:59,9/29/2025 8:35,,,,-2.009166667,,,,nan,,9/29/2025
309340,114-7499157-0626633,90,US,OH,9/29/2025 14:21,,9/29/2025 14:21,FedEx,3.93755E+11,10/1/2025 9:43,9/29/2025 12:20,,,,-2.009722222,,,,nan,,9/29/2025
309340,114-7499157-0626633,90,US,OH,9/29/2025 14:21,,9/29/2025 14:21,FedEx,3.93755E+11,10/1/2025 9:43,9/29/2025 12:20,,,,-2.009722222,,,,nan,,9/29/2025
309301,nan,0,US,MI,9/26/2025 15:40,,9/29/2025 14:22,,,,,,,,,,,,nan,,9/26/2025
309341,nan,84,US,UT,9/29/2025 14:23,,9/29/2025 14:28,FedEx,3.93755E+11,10/1/2025 9:43,,,,,,,,,nan,,9/29/2025
309341,nan,84,US,UT,9/29/2025 14:23,,9/29/2025 14:29,FedEx,3.93755E+11,10/1/2025 9:43,,,,,,,,,nan,,9/29/2025
309341,nan,84,US,UT,9/29/2025 14:23,,9/29/2025 14:29,FedEx,3.93755E+11,10/1/2025 9:43,,,,,,,,,nan,,9/29/2025
309341,nan,84,US,UT,9/29/2025 14:23,,9/29/2025 14:33,FedEx,3.93755E+11,10/1/2025 9:43,,,,,,,,,nan,,9/29/2025
309338,nan,0,US,NJ,9/29/2025 10:34,,9/29/2025 14:43,FedEx,3.93755E+11,10/1/2025 9:43,,,,,,,,,nan,,9/29/2025
309295,nan,85,US,CA,9/26/2025 9:32,,9/29/2025 14:53,FedEx,3.9372E+11,9/29/2025 14:53,,,,,,,,,nan,,9/26/2025
309297,111-0400745-5061851,90,US,MA,9/26/2025 12:21,,9/29/2025 14:53,FedEx,3.93719E+11,9/29/2025 14:53,9/26/2025 10:20,,,,-2.010277778,,,,nan,,9/26/2025
309298,nan,0,US,NY,9/26/2025 13:13,,9/29/2025 14:53,FedEx,3.93719E+11,9/29/2025 14:53,,,,,,,,,nan,,9/26/2025
309302,114-5793071-9188223,90,US,NC,9/26/2025 16:36,,9/29/2025 14:53,FedEx,3.93719E+11,9/29/2025 14:53,9/26/2025 14:35,,,,-2.008888889,,,,nan,,9/26/2025
309308,nan,0,US,CA,9/26/2025 23:37,,9/29/2025 14:54,FedEx,3.93718E+11,9/29/2025 14:53,,,,,,,,,nan,,9/26/2025
309304,nan,0,US,VA,9/26/2025 18:22,,9/29/2025 14:54,USPS,9.43465E+21,9/29/2025 14:54,,,,,,,,,nan,,9/26/2025
309310,113-3810996-3690642,90,US,TX,9/27/2025 7:51,,9/29/2025 14:54,FedEx,3.93719E+11,9/29/2025 14:54,9/27/2025 5:50,,,,-2.009722222,,,,nan,,9/27/2025
309309,111-0402465-1337824,90,US,ND,9/27/2025 2:51,,9/29/2025 14:54,FedEx,3.93718E+11,9/29/2025 14:54,9/27/2025 0:50,,,,-2.009444444,,,,nan,,9/27/2025
309306,nan,0,US,CA,9/26/2025 20:38,,9/29/2025 14:54,FedEx,3.93718E+11,9/29/2025 14:54,,,,,,,,,nan,,9/26/2025
309305,nan,0,US,NJ,9/26/2025 19:31,,9/29/2025 14:54,FedEx,3.93718E+11,9/29/2025 14:54,,,,,,,,,nan,,9/26/2025
309303,111-3486078-1707456,90,US,ID,9/26/2025 17:06,,9/29/2025 14:54,FedEx,3.93719E+11,9/29/2025 14:54,9/26/2025 15:05,,,,-2.009722222,,,,nan,,9/26/2025
309300,113-3758180-4380236,90,US,FL,9/26/2025 14:21,,9/29/2025 14:55,FedEx,3.93719E+11,9/29/2025 14:54,9/26/2025 12:20,,,,-2.009722222,,,,nan,,9/26/2025
309299,nan,0,US,CT,9/26/2025 13:51,,9/29/2025 14:55,FedEx,3.9372E+11,9/29/2025 14:55,,,,,,,,,nan,,9/26/2025
309318,111-0057261-5615446,90,US,CT,9/27/2025 11:06,,9/29/2025 14:55,FedEx,3.93719E+11,9/29/2025 14:55,9/27/2025 9:05,,,,-2.009444444,,,,nan,,9/27/2025
309321,nan,0,US,WA,9/27/2025 12:57,,9/29/2025 14:55,FedEx,3.93719E+11,9/29/2025 14:55,,,,,,,,,nan,,9/27/2025
309311,nan,0,US,CO,9/27/2025 8:10,,9/29/2025 14:55,FedEx,3.93718E+11,9/29/2025 14:55,,,,,,,,,nan,,9/27/2025
309322,111-4004528-9102622,90,US,MI,9/27/2025 13:36,,9/29/2025 14:55,FedEx,3.93718E+11,9/29/2025 14:55,9/27/2025 11:35,,,,-2.009166667,,,,nan,,9/27/2025
309307,112-0000406-3151439,90,US,CO,9/26/2025 22:06,,9/29/2025 14:55,FedEx,3.93719E+11,9/29/2025 14:55,9/26/2025 20:05,,,,-2.009444444,,,,nan,,9/26/2025
309323,113-3773065-1299430,90,US,UT,9/27/2025 15:21,,9/29/2025 14:56,FedEx,3.93718E+11,9/29/2025 14:55,9/27/2025 13:20,,,,-2.009722222,,,,nan,,9/27/2025
309319,113-0464584-4176253,90,US,VA,9/27/2025 11:36,,9/29/2025 14:56,FedEx,3.93719E+11,9/29/2025 14:56,9/27/2025 9:35,,,,-2.009166667,,,,nan,,9/27/2025
309317,nan,0,US,NJ,9/27/2025 9:33,,9/29/2025 14:56,FedEx,3.93718E+11,9/29/2025 14:56,,,,,,,,,nan,,9/27/2025
309320,nan,0,US,VA,9/27/2025 12:03,,9/29/2025 14:56,FedEx,3.93718E+11,9/29/2025 14:56,,,,,,,,,nan,,9/27/2025
309324,113-6132492-3933831,90,US,NJ,9/27/2025 21:06,,9/29/2025 14:56,FedEx,3.93719E+11,9/29/2025 14:56,9/27/2025 19:05,,,,-2.009722222,,,,nan,,9/27/2025
309330,114-2530101-2282638,90,US,VA,9/28/2025 14:06,,9/29/2025 14:56,FedEx,3.93719E+11,9/29/2025 14:56,9/28/2025 12:05,,,,-2.009722222,,,,nan,,9/28/2025
309327,113-2627365-2518632,90,US,NC,9/28/2025 10:21,,9/29/2025 14:56,FedEx,3.93719E+11,9/29/2025 14:56,9/28/2025 8:20,,,,-2.009444444,,,,nan,,9/28/2025
309334,111-9053360-7782653,90,US,OR,9/28/2025 20:51,,9/29/2025 14:57,FedEx,3.93719E+11,9/29/2025 14:57,9/28/2025 18:50,,,,-2.01,,,,nan,,9/28/2025
309325,nan,0,US,CA,9/27/2025 21:15,,9/29/2025 14:57,FedEx,3.9372E+11,9/29/2025 14:57,,,,,,,,,nan,,9/27/2025
309332,nan,0,US,WA,9/28/2025 17:44,,9/29/2025 14:57,FedEx,3.9372E+11,9/29/2025 14:57,,,,,,,,,nan,,9/28/2025
309329,114-2567443-2900250,90,US,SC,9/28/2025 13:36,,9/29/2025 14:58,FedEx,3.93719E+11,9/29/2025 14:58,9/28/2025 11:35,,,,-2.009444444,,,,nan,,9/28/2025
309333,111-5642046-5221040,90,US,TX,9/28/2025 19:51,,9/29/2025 14:58,FedEx,3.93718E+11,9/29/2025 14:58,9/28/2025 17:50,,,,-2.01,,,,nan,,9/28/2025
309326,nan,0,US,IL,9/28/2025 10:00,,9/29/2025 14:58,USPS,9.43465E+21,9/29/2025 14:58,,,,,,,,,nan,,9/28/2025
309328,nan,0,US,NJ,9/28/2025 13:26,,9/29/2025 14:59,FedEx,3.93718E+11,9/29/2025 14:59,,,,,,,,,nan,,9/28/2025
309331,nan,0,US,VA,9/28/2025 15:54,,9/29/2025 14:59,FedEx,3.93719E+11,9/29/2025 14:59,,,,,,,,,nan,,9/28/2025
309335,111-0479515-8849010,90,US,OR,9/29/2025 4:36,,9/29/2025 14:59,FedEx,3.93719E+11,9/29/2025 14:59,9/29/2025 2:35,,,,-2.010277778,,,,nan,,9/29/2025
309339,113-4494161-3021851,90,US,MT,9/29/2025 10:36,,9/29/2025 14:59,FedEx,3.93719E+11,9/29/2025 14:59,9/29/2025 8:35,,,,-2.009166667,,,,nan,,9/29/2025
309297,111-0400745-5061851,90,US,MA,9/26/2025 12:21,,9/29/2025 15:09,FedEx,3.93719E+11,9/29/2025 14:53,9/26/2025 10:20,,,,-2.010277778,,,,nan,,9/26/2025
309295,nan,85,US,CA,9/26/2025 9:32,,9/29/2025 15:09,FedEx,3.9372E+11,9/29/2025 14:53,,,,,,,,,nan,,9/26/2025
309310,113-3810996-3690642,90,US,TX,9/27/2025 7:51,,9/29/2025 15:09,FedEx,3.93719E+11,9/29/2025 14:54,9/27/2025 5:50,,,,-2.009722222,,,,nan,,9/27/2025
309308,nan,0,US,CA,9/26/2025 23:37,,9/29/2025 15:09,FedEx,3.93718E+11,9/29/2025 14:53,,,,,,,,,nan,,9/26/2025
309304,nan,0,US,VA,9/26/2025 18:22,,9/29/2025 15:09,USPS,9.43465E+21,9/29/2025 14:54,,,,,,,,,nan,,9/26/2025
309302,114-5793071-9188223,90,US,NC,9/26/2025 16:36,,9/29/2025 15:09,FedEx,3.93719E+11,9/29/2025 14:53,9/26/2025 14:35,,,,-2.008888889,,,,nan,,9/26/2025
309298,nan,0,US,NY,9/26/2025 13:13,,9/29/2025 15:09,FedEx,3.93719E+11,9/29/2025 14:53,,,,,,,,,nan,,9/26/2025
309309,111-0402465-1337824,90,US,ND,9/27/2025 2:51,,9/29/2025 15:09,FedEx,3.93718E+11,9/29/2025 14:54,9/27/2025 0:50,,,,-2.009444444,,,,nan,,9/27/2025
309306,nan,0,US,CA,9/26/2025 20:38,,9/29/2025 15:09,FedEx,3.93718E+11,9/29/2025 14:54,,,,,,,,,nan,,9/26/2025
309305,nan,0,US,NJ,9/26/2025 19:31,,9/29/2025 15:09,FedEx,3.93718E+11,9/29/2025 14:54,,,,,,,,,nan,,9/26/2025
309303,111-3486078-1707456,90,US,ID,9/26/2025 17:06,,9/29/2025 15:09,FedEx,3.93719E+11,9/29/2025 14:54,9/26/2025 15:05,,,,-2.009722222,,,,nan,,9/26/2025
309300,113-3758180-4380236,90,US,FL,9/26/2025 14:21,,9/29/2025 15:09,FedEx,3.93719E+11,9/29/2025 14:54,9/26/2025 12:20,,,,-2.009722222,,,,nan,,9/26/2025
309322,111-4004528-9102622,90,US,MI,9/27/2025 13:36,,9/29/2025 15:09,FedEx,3.93718E+11,9/29/2025 14:55,9/27/2025 11:35,,,,-2.009166667,,,,nan,,9/27/2025
309321,nan,0,US,WA,9/27/2025 12:57,,9/29/2025 15:09,FedEx,3.93719E+11,9/29/2025 14:55,,,,,,,,,nan,,9/27/2025
309318,111-0057261-5615446,90,US,CT,9/27/2025 11:06,,9/29/2025 15:09,FedEx,3.93719E+11,9/29/2025 14:55,9/27/2025 9:05,,,,-2.009444444,,,,nan,,9/27/2025
309311,nan,0,US,CO,9/27/2025 8:10,,9/29/2025 15:09,FedEx,3.93718E+11,9/29/2025 14:55,,,,,,,,,nan,,9/27/2025
309299,nan,0,US,CT,9/26/2025 13:51,,9/29/2025 15:09,FedEx,3.9372E+11,9/29/2025 14:55,,,,,,,,,nan,,9/26/2025
309323,113-3773065-1299430,90,US,UT,9/27/2025 15:21,,9/29/2025 15:09,FedEx,3.93718E+11,9/29/2025 14:55,9/27/2025 13:20,,,,-2.009722222,,,,nan,,9/27/2025
309320,nan,0,US,VA,9/27/2025 12:03,,9/29/2025 15:09,FedEx,3.93718E+11,9/29/2025 14:56,,,,,,,,,nan,,9/27/2025
309319,113-0464584-4176253,90,US,VA,9/27/2025 11:36,,9/29/2025 15:09,FedEx,3.93719E+11,9/29/2025 14:56,9/27/2025 9:35,,,,-2.009166667,,,,nan,,9/27/2025
309317,nan,0,US,NJ,9/27/2025 9:33,,9/29/2025 15:09,FedEx,3.93718E+11,9/29/2025 14:56,,,,,,,,,nan,,9/27/2025
309307,112-0000406-3151439,90,US,CO,9/26/2025 22:06,,9/29/2025 15:09,FedEx,3.93719E+11,9/29/2025 14:55,9/26/2025 20:05,,,,-2.009444444,,,,nan,,9/26/2025
309334,111-9053360-7782653,90,US,OR,9/28/2025 20:51,,9/29/2025 15:09,FedEx,3.93719E+11,9/29/2025 14:57,9/28/2025 18:50,,,,-2.01,,,,nan,,9/28/2025
309330,114-2530101-2282638,90,US,VA,9/28/2025 14:06,,9/29/2025 15:09,FedEx,3.93719E+11,9/29/2025 14:56,9/28/2025 12:05,,,,-2.009722222,,,,nan,,9/28/2025
309327,113-2627365-2518632,90,US,NC,9/28/2025 10:21,,9/29/2025 15:09,FedEx,3.93719E+11,9/29/2025 14:56,9/28/2025 8:20,,,,-2.009444444,,,,nan,,9/28/2025
309325,nan,0,US,CA,9/27/2025 21:15,,9/29/2025 15:09,FedEx,3.9372E+11,9/29/2025 14:57,,,,,,,,,nan,,9/27/2025
309324,113-6132492-3933831,90,US,NJ,9/27/2025 21:06,,9/29/2025 15:09,FedEx,3.93719E+11,9/29/2025 14:56,9/27/2025 19:05,,,,-2.009722222,,,,nan,,9/27/2025
309333,111-5642046-5221040,90,US,TX,9/28/2025 19:51,,9/29/2025 15:09,FedEx,3.93718E+11,9/29/2025 14:58,9/28/2025 17:50,,,,-2.01,,,,nan,,9/28/2025
309332,nan,0,US,WA,9/28/2025 17:44,,9/29/2025 15:09,FedEx,3.9372E+11,9/29/2025 14:57,,,,,,,,,nan,,9/28/2025
309329,114-2567443-2900250,90,US,SC,9/28/2025 13:36,,9/29/2025 15:09,FedEx,3.93719E+11,9/29/2025 14:58,9/28/2025 11:35,,,,-2.009444444,,,,nan,,9/28/2025
309328,nan,0,US,NJ,9/28/2025 13:26,,9/29/2025 15:09,FedEx,3.93718E+11,9/29/2025 14:59,,,,,,,,,nan,,9/28/2025
309326,nan,0,US,IL,9/28/2025 10:00,,9/29/2025 15:09,USPS,9.43465E+21,9/29/2025 14:58,,,,,,,,,nan,,9/28/2025
309339,113-4494161-3021851,90,US,MT,9/29/2025 10:36,,9/29/2025 15:09,FedEx,3.93719E+11,9/29/2025 14:59,9/29/2025 8:35,,,,-2.009166667,,,,nan,,9/29/2025
309335,111-0479515-8849010,90,US,OR,9/29/2025 4:36,,9/29/2025 15:09,FedEx,3.93719E+11,9/29/2025 14:59,9/29/2025 2:35,,,,-2.010277778,,,,nan,,9/29/2025
309331,nan,0,US,VA,9/28/2025 15:54,,9/29/2025 15:09,FedEx,3.93719E+11,9/29/2025 14:59,,,,,,,,,nan,,9/28/2025
309342,nan,0,US,CA,9/29/2025 16:12,,9/29/2025 16:12,FedEx,3.93755E+11,10/1/2025 9:43,,,,,,,,,nan,,9/29/2025
309342,nan,0,US,CA,9/29/2025 16:12,,9/29/2025 16:12,FedEx,3.93755E+11,10/1/2025 9:43,,,,,,,,,nan,,9/29/2025
309343,112-7740742-2661046,90,US,TX,9/29/2025 16:36,,9/29/2025 16:36,FedEx,3.93755E+11,10/1/2025 9:44,9/29/2025 14:35,,,,-2.009166667,,,,nan,,9/29/2025
309343,112-7740742-2661046,90,US,TX,9/29/2025 16:36,,9/29/2025 16:36,FedEx,3.93755E+11,10/1/2025 9:44,9/29/2025 14:35,,,,-2.009166667,,,,nan,,9/29/2025
309344,nan,0,US,NC,9/29/2025 18:46,,9/29/2025 18:46,FedEx,3.93755E+11,10/1/2025 9:43,,,,,,,,,nan,,9/29/2025
309345,nan,0,US,NY,9/29/2025 21:04,,9/29/2025 21:04,FedEx,3.93755E+11,10/1/2025 9:44,,,,,,,,,nan,,9/29/2025
309345,nan,0,US,NY,9/29/2025 21:04,,9/29/2025 21:04,FedEx,3.93755E+11,10/1/2025 9:44,,,,,,,,,nan,,9/29/2025
309346,113-7390205-1099456,90,US,PA,9/29/2025 22:51,,9/29/2025 22:51,FedEx,3.93755E+11,10/1/2025 9:43,9/29/2025 20:50,,,,-2.009444444,,,,nan,,9/29/2025
309346,113-7390205-1099456,90,US,PA,9/29/2025 22:51,,9/29/2025 22:51,FedEx,3.93755E+11,10/1/2025 9:43,9/29/2025 20:50,,,,-2.009444444,,,,nan,,9/29/2025
309340,114-7499157-0626633,90,US,OH,9/29/2025 14:21,,9/30/2025 7:38,FedEx,3.93755E+11,10/1/2025 9:43,9/29/2025 12:20,,,,-2.009722222,,,,nan,,9/29/2025
309344,nan,0,US,NC,9/29/2025 18:46,,9/30/2025 7:38,FedEx,3.93755E+11,10/1/2025 9:43,,,,,,,,,nan,,9/29/2025
309346,113-7390205-1099456,90,US,PA,9/29/2025 22:51,,9/30/2025 7:38,FedEx,3.93755E+11,10/1/2025 9:43,9/29/2025 20:50,,,,-2.009444444,,,,nan,,9/29/2025
309342,nan,0,US,CA,9/29/2025 16:12,,9/30/2025 7:38,FedEx,3.93755E+11,10/1/2025 9:43,,,,,,,,,nan,,9/29/2025
309341,nan,84,US,UT,9/29/2025 14:23,,9/30/2025 7:38,FedEx,3.93755E+11,10/1/2025 9:43,,,,,,,,,nan,,9/29/2025
309345,nan,0,US,NY,9/29/2025 21:04,,9/30/2025 7:38,FedEx,3.93755E+11,10/1/2025 9:44,,,,,,,,,nan,,9/29/2025
309343,112-7740742-2661046,90,US,TX,9/29/2025 16:36,,9/30/2025 7:38,FedEx,3.93755E+11,10/1/2025 9:44,9/29/2025 14:35,,,,-2.009166667,,,,nan,,9/29/2025
309072,111-2283757-4969834,90,US,FL,9/6/2025 17:36,,9/30/2025 10:02,FedEx,3.9296E+11,9/8/2025 8:38,9/6/2025 15:35,,,,-2.009166667,,,,nan,,9/6/2025
309348,113-6880805-9865869,90,US,NJ,9/30/2025 12:51,,9/30/2025 12:51,FedEx,3.93787E+11,10/1/2025 9:44,9/30/2025 10:50,,,,-2.009722222,,,,nan,,9/30/2025
309348,113-6880805-9865869,90,US,NJ,9/30/2025 12:51,,9/30/2025 12:51,FedEx,3.93787E+11,10/1/2025 9:44,9/30/2025 10:50,,,,-2.009722222,,,,nan,,9/30/2025
309349,113-1670775-2410642,90,US,TX,9/30/2025 14:21,,9/30/2025 14:21,FedEx,3.93787E+11,10/1/2025 9:45,9/30/2025 12:20,,,,-2.009722222,,,,nan,,9/30/2025
309349,113-1670775-2410642,90,US,TX,9/30/2025 14:21,,9/30/2025 14:21,FedEx,3.93787E+11,10/1/2025 9:45,9/30/2025 12:20,,,,-2.009722222,,,,nan,,9/30/2025
309350,114-8599849-5011449,90,US,IN,9/30/2025 15:51,,9/30/2025 15:51,FedEx,3.93787E+11,10/1/2025 9:45,9/30/2025 13:50,,,,-2.009722222,,,,nan,,9/30/2025
309350,114-8599849-5011449,90,US,IN,9/30/2025 15:51,,9/30/2025 15:51,FedEx,3.93787E+11,10/1/2025 9:45,9/30/2025 13:50,,,,-2.009722222,,,,nan,,9/30/2025
309348,113-6880805-9865869,90,US,NJ,9/30/2025 12:51,,9/30/2025 17:03,FedEx,3.93787E+11,10/1/2025 9:44,9/30/2025 10:50,,,,-2.009722222,,,,nan,,9/30/2025
309351,nan,0,US,GA,9/30/2025 18:03,,9/30/2025 18:03,FedEx,3.93787E+11,10/1/2025 9:44,,,,,,,,,nan,,9/30/2025
309351,nan,0,US,GA,9/30/2025 18:03,,9/30/2025 18:03,FedEx,3.93787E+11,10/1/2025 9:44,,,,,,,,,nan,,9/30/2025
309352,112-6000183-8713807,90,US,LA,9/30/2025 19:06,,9/30/2025 19:06,FedEx,3.93787E+11,10/1/2025 9:44,9/30/2025 17:05,,,,-2.009444444,,,,nan,,9/30/2025
309352,112-6000183-8713807,90,US,LA,9/30/2025 19:06,,9/30/2025 19:06,FedEx,3.93787E+11,10/1/2025 9:44,9/30/2025 17:05,,,,-2.009444444,,,,nan,,9/30/2025
309353,nan,0,US,FL,9/30/2025 19:28,,9/30/2025 19:28,FedEx,3.93787E+11,10/1/2025 9:45,,,,,,,,,nan,,9/30/2025
309353,nan,0,US,FL,9/30/2025 19:28,,9/30/2025 19:28,FedEx,3.93787E+11,10/1/2025 9:45,,,,,,,,,nan,,9/30/2025
309354,111-4020292-2245008,90,US,MO,9/30/2025 22:21,,9/30/2025 22:21,FedEx,3.93787E+11,10/1/2025 9:44,9/30/2025 20:20,,,,-2.009722222,,,,nan,,9/30/2025
309354,111-4020292-2245008,90,US,MO,9/30/2025 22:21,,9/30/2025 22:21,FedEx,3.93787E+11,10/1/2025 9:44,9/30/2025 20:20,,,,-2.009722222,,,,nan,,9/30/2025
309351,nan,0,US,GA,9/30/2025 18:03,,10/1/2025 7:38,FedEx,3.93787E+11,10/1/2025 9:44,,,,,,,,,nan,,9/30/2025
309352,112-6000183-8713807,90,US,LA,9/30/2025 19:06,,10/1/2025 7:38,FedEx,3.93787E+11,10/1/2025 9:44,9/30/2025 17:05,,,,-2.009444444,,,,nan,,9/30/2025
309354,111-4020292-2245008,90,US,MO,9/30/2025 22:21,,10/1/2025 7:38,FedEx,3.93787E+11,10/1/2025 9:44,9/30/2025 20:20,,,,-2.009722222,,,,nan,,9/30/2025
309353,nan,0,US,FL,9/30/2025 19:28,,10/1/2025 7:38,FedEx,3.93787E+11,10/1/2025 9:45,,,,,,,,,nan,,9/30/2025
309349,113-1670775-2410642,90,US,TX,9/30/2025 14:21,,10/1/2025 7:38,FedEx,3.93787E+11,10/1/2025 9:45,9/30/2025 12:20,,,,-2.009722222,,,,nan,,9/30/2025
309350,114-8599849-5011449,90,US,IN,9/30/2025 15:51,,10/1/2025 7:38,FedEx,3.93787E+11,10/1/2025 9:45,9/30/2025 13:50,,,,-2.009722222,,,,nan,,9/30/2025
309355,702-5983088-0185000,90,CA,QC,10/1/2025 9:21,,10/1/2025 9:21,purolator,5.20083E+11,10/2/2025 11:13,10/1/2025 7:20,,,,-2.018611111,,,,nan,,10/1/2025
309355,702-5983088-0185000,90,CA,QC,10/1/2025 9:21,,10/1/2025 9:21,purolator,5.20083E+11,10/2/2025 11:13,10/1/2025 7:20,,,,-2.018611111,,,,nan,,10/1/2025
309338,nan,0,US,NJ,9/29/2025 10:34,,10/1/2025 9:43,FedEx,3.93755E+11,10/1/2025 9:43,,,,,,,,,nan,,9/29/2025
309340,114-7499157-0626633,90,US,OH,9/29/2025 14:21,,10/1/2025 9:43,FedEx,3.93755E+11,10/1/2025 9:43,9/29/2025 12:20,,,,-2.009722222,,,,nan,,9/29/2025
309344,nan,0,US,NC,9/29/2025 18:46,,10/1/2025 9:43,FedEx,3.93755E+11,10/1/2025 9:43,,,,,,,,,nan,,9/29/2025
309346,113-7390205-1099456,90,US,PA,9/29/2025 22:51,,10/1/2025 9:43,FedEx,3.93755E+11,10/1/2025 9:43,9/29/2025 20:50,,,,-2.009444444,,,,nan,,9/29/2025
309342,nan,0,US,CA,9/29/2025 16:12,,10/1/2025 9:43,FedEx,3.93755E+11,10/1/2025 9:43,,,,,,,,,nan,,9/29/2025
309341,nan,84,US,UT,9/29/2025 14:23,,10/1/2025 9:44,FedEx,3.93755E+11,10/1/2025 9:43,,,,,,,,,nan,,9/29/2025
309345,nan,0,US,NY,9/29/2025 21:04,,10/1/2025 9:44,FedEx,3.93755E+11,10/1/2025 9:44,,,,,,,,,nan,,9/29/2025
309343,112-7740742-2661046,90,US,TX,9/29/2025 16:36,,10/1/2025 9:44,FedEx,3.93755E+11,10/1/2025 9:44,9/29/2025 14:35,,,,-2.009166667,,,,nan,,9/29/2025
309348,113-6880805-9865869,90,US,NJ,9/30/2025 12:51,,10/1/2025 9:44,FedEx,3.93787E+11,10/1/2025 9:44,9/30/2025 10:50,,,,-2.009722222,,,,nan,,9/30/2025
309351,nan,0,US,GA,9/30/2025 18:03,,10/1/2025 9:44,FedEx,3.93787E+11,10/1/2025 9:44,,,,,,,,,nan,,9/30/2025
309352,112-6000183-8713807,90,US,LA,9/30/2025 19:06,,10/1/2025 9:44,FedEx,3.93787E+11,10/1/2025 9:44,9/30/2025 17:05,,,,-2.009444444,,,,nan,,9/30/2025
309354,111-4020292-2245008,90,US,MO,9/30/2025 22:21,,10/1/2025 9:44,FedEx,3.93787E+11,10/1/2025 9:44,9/30/2025 20:20,,,,-2.009722222,,,,nan,,9/30/2025
309353,nan,0,US,FL,9/30/2025 19:28,,10/1/2025 9:45,FedEx,3.93787E+11,10/1/2025 9:45,,,,,,,,,nan,,9/30/2025
309349,113-1670775-2410642,90,US,TX,9/30/2025 14:21,,10/1/2025 9:45,FedEx,3.93787E+11,10/1/2025 9:45,9/30/2025 12:20,,,,-2.009722222,,,,nan,,9/30/2025
309350,114-8599849-5011449,90,US,IN,9/30/2025 15:51,,10/1/2025 9:45,FedEx,3.93787E+11,10/1/2025 9:45,9/30/2025 13:50,,,,-2.009722222,,,,nan,,9/30/2025
309346,113-7390205-1099456,90,US,PA,9/29/2025 22:51,,10/1/2025 9:46,FedEx,3.93755E+11,10/1/2025 9:43,9/29/2025 20:50,,,,-2.009444444,,,,nan,,9/29/2025
309344,nan,0,US,NC,9/29/2025 18:46,,10/1/2025 9:46,FedEx,3.93755E+11,10/1/2025 9:43,,,,,,,,,nan,,9/29/2025
309342,nan,0,US,CA,9/29/2025 16:12,,10/1/2025 9:46,FedEx,3.93755E+11,10/1/2025 9:43,,,,,,,,,nan,,9/29/2025
309340,114-7499157-0626633,90,US,OH,9/29/2025 14:21,,10/1/2025 9:46,FedEx,3.93755E+11,10/1/2025 9:43,9/29/2025 12:20,,,,-2.009722222,,,,nan,,9/29/2025
309338,nan,0,US,NJ,9/29/2025 10:34,,10/1/2025 9:46,FedEx,3.93755E+11,10/1/2025 9:43,,,,,,,,,nan,,9/29/2025
309351,nan,0,US,GA,9/30/2025 18:03,,10/1/2025 9:46,FedEx,3.93787E+11,10/1/2025 9:44,,,,,,,,,nan,,9/30/2025
309348,113-6880805-9865869,90,US,NJ,9/30/2025 12:51,,10/1/2025 9:46,FedEx,3.93787E+11,10/1/2025 9:44,9/30/2025 10:50,,,,-2.009722222,,,,nan,,9/30/2025
309345,nan,0,US,NY,9/29/2025 21:04,,10/1/2025 9:46,FedEx,3.93755E+11,10/1/2025 9:44,,,,,,,,,nan,,9/29/2025
309343,112-7740742-2661046,90,US,TX,9/29/2025 16:36,,10/1/2025 9:46,FedEx,3.93755E+11,10/1/2025 9:44,9/29/2025 14:35,,,,-2.009166667,,,,nan,,9/29/2025
309341,nan,84,US,UT,9/29/2025 14:23,,10/1/2025 9:46,FedEx,3.93755E+11,10/1/2025 9:43,,,,,,,,,nan,,9/29/2025
309354,111-4020292-2245008,90,US,MO,9/30/2025 22:21,,10/1/2025 9:46,FedEx,3.93787E+11,10/1/2025 9:44,9/30/2025 20:20,,,,-2.009722222,,,,nan,,9/30/2025
309353,nan,0,US,FL,9/30/2025 19:28,,10/1/2025 9:46,FedEx,3.93787E+11,10/1/2025 9:45,,,,,,,,,nan,,9/30/2025
309352,112-6000183-8713807,90,US,LA,9/30/2025 19:06,,10/1/2025 9:46,FedEx,3.93787E+11,10/1/2025 9:44,9/30/2025 17:05,,,,-2.009444444,,,,nan,,9/30/2025
309350,114-8599849-5011449,90,US,IN,9/30/2025 15:51,,10/1/2025 9:46,FedEx,3.93787E+11,10/1/2025 9:45,9/30/2025 13:50,,,,-2.009722222,,,,nan,,9/30/2025
309349,113-1670775-2410642,90,US,TX,9/30/2025 14:21,,10/1/2025 9:46,FedEx,3.93787E+11,10/1/2025 9:45,9/30/2025 12:20,,,,-2.009722222,,,,nan,,9/30/2025
309356,nan,0,US,KS,10/1/2025 11:16,,10/1/2025 11:16,FedEx,3.93829E+11,10/2/2025 10:53,,,,,,,,,nan,,10/1/2025
309356,nan,0,US,KS,10/1/2025 11:16,,10/1/2025 11:16,FedEx,3.93829E+11,10/2/2025 10:53,,,,,,,,,nan,,10/1/2025
309358,113-6360251-2349800,90,US,TN,10/1/2025 13:06,,10/1/2025 13:06,FedEx,3.93829E+11,10/2/2025 10:53,10/1/2025 11:05,,,,-2.009722222,,,,nan,,10/1/2025
309358,113-6360251-2349800,90,US,TN,10/1/2025 13:06,,10/1/2025 13:06,FedEx,3.93829E+11,10/2/2025 10:53,10/1/2025 11:05,,,,-2.009722222,,,,nan,,10/1/2025
309357,nan,84,US,OH,10/1/2025 13:05,,10/1/2025 13:07,FedEx,3.93829E+11,10/2/2025 10:53,,,,,,,,,nan,,10/1/2025
309357,nan,84,US,OH,10/1/2025 13:05,,10/1/2025 13:09,FedEx,3.93829E+11,10/2/2025 10:53,,,,,,,,,nan,,10/1/2025
309357,nan,84,US,OH,10/1/2025 13:05,,10/1/2025 13:10,FedEx,3.93829E+11,10/2/2025 10:53,,,,,,,,,nan,,10/1/2025
309357,nan,84,US,OH,10/1/2025 13:05,,10/1/2025 13:13,FedEx,3.93829E+11,10/2/2025 10:53,,,,,,,,,nan,,10/1/2025
309355,702-5983088-0185000,90,CA,QC,10/1/2025 9:21,,10/1/2025 13:33,purolator,5.20083E+11,10/2/2025 11:13,10/1/2025 7:20,,,,-2.018611111,,,,nan,,10/1/2025
309356,nan,0,US,KS,10/1/2025 11:16,,10/1/2025 15:28,FedEx,3.93829E+11,10/2/2025 10:53,,,,,,,,,nan,,10/1/2025
309359,114-9703232-5149009,90,US,SC,10/1/2025 16:51,,10/1/2025 16:51,FedEx,3.93829E+11,10/2/2025 10:53,10/1/2025 14:50,,,,-2.009444444,,,,nan,,10/1/2025
309359,114-9703232-5149009,90,US,SC,10/1/2025 16:51,,10/1/2025 16:51,FedEx,3.93829E+11,10/2/2025 10:53,10/1/2025 14:50,,,,-2.009444444,,,,nan,,10/1/2025
309357,nan,84,US,OH,10/1/2025 13:05,,10/1/2025 17:13,FedEx,3.93829E+11,10/2/2025 10:53,,,,,,,,,nan,,10/1/2025
309358,113-6360251-2349800,90,US,TN,10/1/2025 13:06,,10/1/2025 17:18,FedEx,3.93829E+11,10/2/2025 10:53,10/1/2025 11:05,,,,-2.009722222,,,,nan,,10/1/2025
309361,111-2717296-6267457,90,US,CO,10/1/2025 22:51,,10/1/2025 22:51,FedEx,3.93829E+11,10/2/2025 10:53,10/1/2025 20:50,,,,-2.009444444,,,,nan,,10/1/2025
309361,111-2717296-6267457,90,US,CO,10/1/2025 22:51,,10/1/2025 22:51,FedEx,3.93829E+11,10/2/2025 10:53,10/1/2025 20:50,,,,-2.009444444,,,,nan,,10/1/2025
309362,111-3942196-4120229,90,US,TX,10/1/2025 23:36,,10/1/2025 23:36,FedEx,3.93829E+11,10/2/2025 10:53,10/1/2025 21:35,,,,-2.008888889,,,,nan,,10/1/2025
309362,111-3942196-4120229,90,US,TX,10/1/2025 23:36,,10/1/2025 23:36,FedEx,3.93829E+11,10/2/2025 10:53,10/1/2025 21:35,,,,-2.008888889,,,,nan,,10/1/2025
309361,111-2717296-6267457,90,US,CO,10/1/2025 22:51,,10/2/2025 7:43,FedEx,3.93829E+11,10/2/2025 10:53,10/1/2025 20:50,,,,-2.009444444,,,,nan,,10/1/2025
309359,114-9703232-5149009,90,US,SC,10/1/2025 16:51,,10/2/2025 7:43,FedEx,3.93829E+11,10/2/2025 10:53,10/1/2025 14:50,,,,-2.009444444,,,,nan,,10/1/2025
309362,111-3942196-4120229,90,US,TX,10/1/2025 23:36,,10/2/2025 7:43,FedEx,3.93829E+11,10/2/2025 10:53,10/1/2025 21:35,,,,-2.008888889,,,,nan,,10/1/2025
309363,nan,0,US,WI,10/2/2025 9:12,,10/2/2025 9:12,FedEx,3.93868E+11,10/3/2025 8:03,,,,,,,,,nan,,10/2/2025
309364,nan,0,US,TX,10/2/2025 10:03,,10/2/2025 10:03,FedEx,3.93868E+11,10/3/2025 8:08,,,,,,,,,nan,,10/2/2025
309364,nan,0,US,TX,10/2/2025 10:03,,10/2/2025 10:03,FedEx,3.93868E+11,10/3/2025 8:08,,,,,,,,,nan,,10/2/2025
309356,nan,0,US,KS,10/1/2025 11:16,,10/2/2025 10:53,FedEx,3.93829E+11,10/2/2025 10:53,,,,,,,,,nan,,10/1/2025
309357,nan,84,US,OH,10/1/2025 13:05,,10/2/2025 10:53,FedEx,3.93829E+11,10/2/2025 10:53,,,,,,,,,nan,,10/1/2025
309358,113-6360251-2349800,90,US,TN,10/1/2025 13:06,,10/2/2025 10:53,FedEx,3.93829E+11,10/2/2025 10:53,10/1/2025 11:05,,,,-2.009722222,,,,nan,,10/1/2025
309361,111-2717296-6267457,90,US,CO,10/1/2025 22:51,,10/2/2025 10:53,FedEx,3.93829E+11,10/2/2025 10:53,10/1/2025 20:50,,,,-2.009444444,,,,nan,,10/1/2025
309359,114-9703232-5149009,90,US,SC,10/1/2025 16:51,,10/2/2025 10:53,FedEx,3.93829E+11,10/2/2025 10:53,10/1/2025 14:50,,,,-2.009444444,,,,nan,,10/1/2025
309362,111-3942196-4120229,90,US,TX,10/1/2025 23:36,,10/2/2025 10:53,FedEx,3.93829E+11,10/2/2025 10:53,10/1/2025 21:35,,,,-2.008888889,,,,nan,,10/1/2025
309357,nan,84,US,OH,10/1/2025 13:05,,10/2/2025 11:03,FedEx,3.93829E+11,10/2/2025 10:53,,,,,,,,,nan,,10/1/2025
309356,nan,0,US,KS,10/1/2025 11:16,,10/2/2025 11:03,FedEx,3.93829E+11,10/2/2025 10:53,,,,,,,,,nan,,10/1/2025
309362,111-3942196-4120229,90,US,TX,10/1/2025 23:36,,10/2/2025 11:03,FedEx,3.93829E+11,10/2/2025 10:53,10/1/2025 21:35,,,,-2.008888889,,,,nan,,10/1/2025
309361,111-2717296-6267457,90,US,CO,10/1/2025 22:51,,10/2/2025 11:03,FedEx,3.93829E+11,10/2/2025 10:53,10/1/2025 20:50,,,,-2.009444444,,,,nan,,10/1/2025
309359,114-9703232-5149009,90,US,SC,10/1/2025 16:51,,10/2/2025 11:03,FedEx,3.93829E+11,10/2/2025 10:53,10/1/2025 14:50,,,,-2.009444444,,,,nan,,10/1/2025
309358,113-6360251-2349800,90,US,TN,10/1/2025 13:06,,10/2/2025 11:03,FedEx,3.93829E+11,10/2/2025 10:53,10/1/2025 11:05,,,,-2.009722222,,,,nan,,10/1/2025
309355,702-5983088-0185000,90,CA,QC,10/1/2025 9:21,,10/2/2025 11:13,purolator,5.20083E+11,10/2/2025 11:13,10/1/2025 7:20,,,,-2.018611111,,,,nan,,10/1/2025
309365,114-3204046-6723407,90,US,NY,10/2/2025 12:51,,10/2/2025 12:51,FedEx,3.93868E+11,10/3/2025 8:03,10/2/2025 10:50,,,,-2.009444444,,,,nan,,10/2/2025
309365,114-3204046-6723407,90,US,NY,10/2/2025 12:51,,10/2/2025 12:51,FedEx,3.93868E+11,10/3/2025 8:03,10/2/2025 10:50,,,,-2.009444444,,,,nan,,10/2/2025
309363,nan,0,US,WI,10/2/2025 9:12,,10/2/2025 13:23,FedEx,3.93868E+11,10/3/2025 8:03,,,,,,,,,nan,,10/2/2025
309364,nan,0,US,TX,10/2/2025 10:03,,10/2/2025 14:13,FedEx,3.93868E+11,10/3/2025 8:08,,,,,,,,,nan,,10/2/2025
309367,nan,85,US,CA,10/2/2025 15:48,,10/2/2025 15:48,FedEx,3.93868E+11,10/3/2025 8:08,,,,,,,,,nan,,10/2/2025
309367,nan,85,US,CA,10/2/2025 15:48,,10/2/2025 15:48,FedEx,3.93868E+11,10/3/2025 8:08,,,,,,,,,nan,,10/2/2025
309367,nan,85,US,CA,10/2/2025 15:48,,10/2/2025 15:52,FedEx,3.93868E+11,10/3/2025 8:08,,,,,,,,,nan,,10/2/2025
309368,nan,0,US,CA,10/2/2025 16:52,,10/2/2025 16:52,FedEx,3.93868E+11,10/3/2025 8:08,,,,,,,,,nan,,10/2/2025
309368,nan,0,US,CA,10/2/2025 16:52,,10/2/2025 16:52,FedEx,3.93868E+11,10/3/2025 8:08,,,,,,,,,nan,,10/2/2025
309368,nan,0,US,CA,10/2/2025 16:52,,10/2/2025 16:52,FedEx,3.93868E+11,10/3/2025 8:08,,,,,,,,,nan,,10/2/2025
309365,114-3204046-6723407,90,US,NY,10/2/2025 12:51,,10/2/2025 17:03,FedEx,3.93868E+11,10/3/2025 8:03,10/2/2025 10:50,,,,-2.009444444,,,,nan,,10/2/2025
309369,nan,0,US,MA,10/2/2025 17:42,,10/2/2025 17:42,FedEx,3.93868E+11,10/3/2025 8:09,,,,,,,,,nan,,10/2/2025
309369,nan,0,US,MA,10/2/2025 17:42,,10/2/2025 17:42,FedEx,3.93868E+11,10/3/2025 8:09,,,,,,,,,nan,,10/2/2025
309370,702-2705482-3993864,90,CA,ON,10/2/2025 19:21,,10/2/2025 19:21,,,,10/2/2025 17:20,,,,-2.017777778,,,,nan,,10/2/2025
309370,702-2705482-3993864,90,CA,ON,10/2/2025 19:21,,10/2/2025 19:21,,,,10/2/2025 17:20,,,,-2.017777778,,,,nan,,10/2/2025
309371,nan,0,US,GA,10/2/2025 21:24,,10/2/2025 21:24,FedEx,3.93868E+11,10/3/2025 8:09,,,,,,,,,nan,,10/2/2025
309371,nan,0,US,GA,10/2/2025 21:24,,10/2/2025 21:26,FedEx,3.93868E+11,10/3/2025 8:09,,,,,,,,,nan,,10/2/2025
309371,nan,0,US,GA,10/2/2025 21:24,,10/2/2025 21:26,FedEx,3.93868E+11,10/3/2025 8:09,,,,,,,,,nan,,10/2/2025
309372,114-6304173-5693015,90,US,WA,10/3/2025 0:21,,10/3/2025 0:21,FedEx,3.93868E+11,10/3/2025 8:08,10/2/2025 22:20,,,,-2.009722222,,,,nan,,10/3/2025
309372,114-6304173-5693015,90,US,WA,10/3/2025 0:21,,10/3/2025 0:21,FedEx,3.93868E+11,10/3/2025 8:08,10/2/2025 22:20,,,,-2.009722222,,,,nan,,10/3/2025
309373,111-0690238-0601845,90,US,OH,10/3/2025 6:21,,10/3/2025 6:21,FedEx,3.93868E+11,10/3/2025 8:08,10/3/2025 4:20,,,,-2.009444444,,,,nan,,10/3/2025
309373,111-0690238-0601845,90,US,OH,10/3/2025 6:21,,10/3/2025 6:21,FedEx,3.93868E+11,10/3/2025 8:08,10/3/2025 4:20,,,,-2.009444444,,,,nan,,10/3/2025
309370,702-2705482-3993864,90,CA,ON,10/2/2025 19:21,,10/3/2025 7:38,,,,10/2/2025 17:20,,,,-2.017777778,,,,nan,,10/2/2025
309372,114-6304173-5693015,90,US,WA,10/3/2025 0:21,,10/3/2025 7:38,FedEx,3.93868E+11,10/3/2025 8:08,10/2/2025 22:20,,,,-2.009722222,,,,nan,,10/3/2025
309371,nan,0,US,GA,10/2/2025 21:24,,10/3/2025 7:38,FedEx,3.93868E+11,10/3/2025 8:09,,,,,,,,,nan,,10/2/2025
309368,nan,0,US,CA,10/2/2025 16:52,,10/3/2025 7:38,FedEx,3.93868E+11,10/3/2025 8:08,,,,,,,,,nan,,10/2/2025
309373,111-0690238-0601845,90,US,OH,10/3/2025 6:21,,10/3/2025 7:38,FedEx,3.93868E+11,10/3/2025 8:08,10/3/2025 4:20,,,,-2.009444444,,,,nan,,10/3/2025
309369,nan,0,US,MA,10/2/2025 17:42,,10/3/2025 7:38,FedEx,3.93868E+11,10/3/2025 8:09,,,,,,,,,nan,,10/2/2025
309367,nan,85,US,CA,10/2/2025 15:48,,10/3/2025 7:38,FedEx,3.93868E+11,10/3/2025 8:08,,,,,,,,,nan,,10/2/2025
309363,nan,0,US,WI,10/2/2025 9:12,,10/3/2025 8:03,FedEx,3.93868E+11,10/3/2025 8:03,,,,,,,,,nan,,10/2/2025
309365,114-3204046-6723407,90,US,NY,10/2/2025 12:51,,10/3/2025 8:03,FedEx,3.93868E+11,10/3/2025 8:03,10/2/2025 10:50,,,,-2.009444444,,,,nan,,10/2/2025
309364,nan,0,US,TX,10/2/2025 10:03,,10/3/2025 8:08,FedEx,3.93868E+11,10/3/2025 8:08,,,,,,,,,nan,,10/2/2025
309368,nan,0,US,CA,10/2/2025 16:52,,10/3/2025 8:08,FedEx,3.93868E+11,10/3/2025 8:08,,,,,,,,,nan,,10/2/2025
309367,nan,85,US,CA,10/2/2025 15:48,,10/3/2025 8:08,FedEx,3.93868E+11,10/3/2025 8:08,,,,,,,,,nan,,10/2/2025
309373,111-0690238-0601845,90,US,OH,10/3/2025 6:21,,10/3/2025 8:08,FedEx,3.93868E+11,10/3/2025 8:08,10/3/2025 4:20,,,,-2.009444444,,,,nan,,10/3/2025
309372,114-6304173-5693015,90,US,WA,10/3/2025 0:21,,10/3/2025 8:08,FedEx,3.93868E+11,10/3/2025 8:08,10/2/2025 22:20,,,,-2.009722222,,,,nan,,10/3/2025
309368,nan,0,US,CA,10/2/2025 16:52,,10/3/2025 8:08,FedEx,3.93868E+11,10/3/2025 8:08,,,,,,,,,nan,,10/2/2025
309365,114-3204046-6723407,90,US,NY,10/2/2025 12:51,,10/3/2025 8:08,FedEx,3.93868E+11,10/3/2025 8:03,10/2/2025 10:50,,,,-2.009444444,,,,nan,,10/2/2025
309364,nan,0,US,TX,10/2/2025 10:03,,10/3/2025 8:08,FedEx,3.93868E+11,10/3/2025 8:08,,,,,,,,,nan,,10/2/2025
309363,nan,0,US,WI,10/2/2025 9:12,,10/3/2025 8:08,FedEx,3.93868E+11,10/3/2025 8:03,,,,,,,,,nan,,10/2/2025
309373,111-0690238-0601845,90,US,OH,10/3/2025 6:21,,10/3/2025 8:08,FedEx,3.93868E+11,10/3/2025 8:08,10/3/2025 4:20,,,,-2.009444444,,,,nan,,10/3/2025
309372,114-6304173-5693015,90,US,WA,10/3/2025 0:21,,10/3/2025 8:08,FedEx,3.93868E+11,10/3/2025 8:08,10/2/2025 22:20,,,,-2.009722222,,,,nan,,10/3/2025
309367,nan,85,US,CA,10/2/2025 15:48,,10/3/2025 8:08,FedEx,3.93868E+11,10/3/2025 8:08,,,,,,,,,nan,,10/2/2025
309371,nan,0,US,GA,10/2/2025 21:24,,10/3/2025 8:09,FedEx,3.93868E+11,10/3/2025 8:09,,,,,,,,,nan,,10/2/2025
309369,nan,0,US,MA,10/2/2025 17:42,,10/3/2025 8:09,FedEx,3.93868E+11,10/3/2025 8:09,,,,,,,,,nan,,10/2/2025
309371,nan,0,US,GA,10/2/2025 21:24,,10/3/2025 8:29,FedEx,3.93868E+11,10/3/2025 8:09,,,,,,,,,nan,,10/2/2025
309369,nan,0,US,MA,10/2/2025 17:42,,10/3/2025 8:29,FedEx,3.93868E+11,10/3/2025 8:09,,,,,,,,,nan,,10/2/2025
309375,nan,0,US,TX,10/3/2025 11:27,,10/3/2025 11:27,FedEx,3.93934E+11,10/6/2025 8:33,,,,,,,,,nan,,10/3/2025
309375,nan,0,US,TX,10/3/2025 11:27,,10/3/2025 11:27,FedEx,3.93934E+11,10/6/2025 8:33,,,,,,,,,nan,,10/3/2025
309376,112-7196011-0688245,90,US,TX,10/3/2025 12:51,,10/3/2025 12:51,FedEx,3.93934E+11,10/6/2025 8:23,10/3/2025 10:50,,,,-2.009444444,,,,nan,,10/3/2025
309376,112-7196011-0688245,90,US,TX,10/3/2025 12:51,,10/3/2025 12:51,FedEx,3.93934E+11,10/6/2025 8:23,10/3/2025 10:50,,,,-2.009444444,,,,nan,,10/3/2025
309377,nan,0,US,GA,10/3/2025 13:15,,10/3/2025 13:16,FedEx,3.93935E+11,10/6/2025 8:43,,,,,,,,,nan,,10/3/2025
309377,nan,0,US,GA,10/3/2025 13:15,,10/3/2025 13:16,FedEx,3.93935E+11,10/6/2025 8:43,,,,,,,,,nan,,10/3/2025
309375,nan,0,US,TX,10/3/2025 11:27,,10/3/2025 15:38,FedEx,3.93934E+11,10/6/2025 8:33,,,,,,,,,nan,,10/3/2025
309378,702-4190230-7001041,90,CA,QC,10/3/2025 16:06,,10/3/2025 16:06,,,,10/3/2025 14:05,,,,-2.018055556,,,,nan,,10/3/2025
309378,702-4190230-7001041,90,CA,QC,10/3/2025 16:06,,10/3/2025 16:06,,,,10/3/2025 14:05,,,,-2.018055556,,,,nan,,10/3/2025
309379,nan,0,US,FL,10/3/2025 16:53,,10/3/2025 16:53,FedEx,3.93935E+11,10/6/2025 8:43,,,,,,,,,nan,,10/3/2025
309376,112-7196011-0688245,90,US,TX,10/3/2025 12:51,,10/3/2025 17:03,FedEx,3.93934E+11,10/6/2025 8:23,10/3/2025 10:50,,,,-2.009444444,,,,nan,,10/3/2025
309377,nan,0,US,GA,10/3/2025 13:15,,10/3/2025 17:28,FedEx,3.93935E+11,10/6/2025 8:43,,,,,,,,,nan,,10/3/2025
309380,113-0014909-5653069,90,US,WA,10/3/2025 18:06,,10/3/2025 18:06,FedEx,3.93935E+11,10/6/2025 8:43,10/3/2025 16:05,,,,-2.01,,,,nan,,10/3/2025
309380,113-0014909-5653069,90,US,WA,10/3/2025 18:06,,10/3/2025 18:06,FedEx,3.93935E+11,10/6/2025 8:43,10/3/2025 16:05,,,,-2.01,,,,nan,,10/3/2025
309381,nan,0,US,CA,10/3/2025 18:27,,10/3/2025 18:27,FedEx,3.93934E+11,10/6/2025 8:28,,,,,,,,,nan,,10/3/2025
309381,nan,0,US,CA,10/3/2025 18:27,,10/3/2025 18:27,FedEx,3.93934E+11,10/6/2025 8:28,,,,,,,,,nan,,10/3/2025
309381,nan,0,US,CA,10/3/2025 18:27,,10/3/2025 18:27,FedEx,3.93934E+11,10/6/2025 8:28,,,,,,,,,nan,,10/3/2025
309382,nan,0,US,CA,10/3/2025 21:48,,10/3/2025 21:48,FedEx,3.93934E+11,10/6/2025 8:23,,,,,,,,,nan,,10/3/2025
309383,112-5993850-4838656,90,US,NH,10/4/2025 5:36,,10/4/2025 5:36,FedEx,3.93934E+11,10/6/2025 8:28,10/4/2025 3:35,,,,-2.008888889,,,,nan,,10/4/2025
309383,112-5993850-4838656,90,US,NH,10/4/2025 5:36,,10/4/2025 5:36,FedEx,3.93934E+11,10/6/2025 8:28,10/4/2025 3:35,,,,-2.008888889,,,,nan,,10/4/2025
309384,nan,0,US,FL,10/4/2025 12:35,,10/4/2025 12:35,FedEx,3.93935E+11,10/6/2025 8:33,,,,,,,,,nan,,10/4/2025
309384,nan,0,US,FL,10/4/2025 12:35,,10/4/2025 12:35,FedEx,3.93935E+11,10/6/2025 8:33,,,,,,,,,nan,,10/4/2025
309385,113-9770700-1299410,90,US,MI,10/4/2025 12:51,,10/4/2025 12:51,FedEx,3.93934E+11,10/6/2025 8:33,10/4/2025 10:50,,,,-2.009722222,,,,nan,,10/4/2025
309385,113-9770700-1299410,90,US,MI,10/4/2025 12:51,,10/4/2025 12:51,FedEx,3.93934E+11,10/6/2025 8:33,10/4/2025 10:50,,,,-2.009722222,,,,nan,,10/4/2025
309386,nan,0,US,TX,10/4/2025 12:51,,10/4/2025 12:51,FedEx,3.93934E+11,10/6/2025 8:28,,,,,,,,,nan,,10/4/2025
309386,nan,0,US,TX,10/4/2025 12:51,,10/4/2025 12:51,FedEx,3.93934E+11,10/6/2025 8:28,,,,,,,,,nan,,10/4/2025
309387,113-6864063-5005863,90,US,FL,10/4/2025 13:36,,10/4/2025 13:36,FedEx,3.93935E+11,10/6/2025 8:43,10/4/2025 11:35,,,,-2.008888889,,,,nan,,10/4/2025
309387,113-6864063-5005863,90,US,FL,10/4/2025 13:36,,10/4/2025 13:36,FedEx,3.93935E+11,10/6/2025 8:43,10/4/2025 11:35,,,,-2.008888889,,,,nan,,10/4/2025
309388,nan,0,US,MO,10/4/2025 17:08,,10/4/2025 17:09,FedEx,3.93934E+11,10/6/2025 8:28,,,,,,,,,nan,,10/4/2025
309388,nan,0,US,MO,10/4/2025 17:08,,10/4/2025 17:09,FedEx,3.93934E+11,10/6/2025 8:28,,,,,,,,,nan,,10/4/2025
309389,111-9420146-0481047,90,US,CA,10/4/2025 17:36,,10/4/2025 17:36,FedEx,3.93934E+11,10/6/2025 8:28,10/4/2025 15:35,,,,-2.009166667,,,,nan,,10/4/2025
309389,111-9420146-0481047,90,US,CA,10/4/2025 17:36,,10/4/2025 17:36,FedEx,3.93934E+11,10/6/2025 8:28,10/4/2025 15:35,,,,-2.009166667,,,,nan,,10/4/2025
309390,112-4546278-7283412,90,US,TX,10/4/2025 17:51,,10/4/2025 17:51,FedEx,3.93935E+11,10/6/2025 8:43,10/4/2025 15:50,,,,-2.009722222,,,,nan,,10/4/2025
309390,112-4546278-7283412,90,US,TX,10/4/2025 17:51,,10/4/2025 17:51,FedEx,3.93935E+11,10/6/2025 8:43,10/4/2025 15:50,,,,-2.009722222,,,,nan,,10/4/2025
309391,nan,0,US,FL,10/5/2025 2:54,,10/5/2025 2:54,FedEx,3.93934E+11,10/6/2025 8:33,,,,,,,,,nan,,10/5/2025
309391,nan,0,US,FL,10/5/2025 2:54,,10/5/2025 2:54,FedEx,3.93934E+11,10/6/2025 8:33,,,,,,,,,nan,,10/5/2025
309392,nan,0,DE,DE-NW,10/5/2025 3:47,,10/5/2025 3:47,ups,1ZE8K4186850010477,,,,,,,,,,nan,,10/5/2025
309392,nan,0,DE,DE-NW,10/5/2025 3:47,,10/5/2025 3:51,ups,1ZE8K4186850010477,,,,,,,,,,nan,,10/5/2025
309392,nan,0,DE,DE-NW,10/5/2025 3:47,,10/5/2025 3:51,ups,1ZE8K4186850010477,,,,,,,,,,nan,,10/5/2025
309393,nan,0,US,NV,10/5/2025 10:04,,10/5/2025 10:04,FedEx,3.93934E+11,10/6/2025 8:33,,,,,,,,,nan,,10/5/2025
309393,nan,0,US,NV,10/5/2025 10:04,,10/5/2025 10:04,FedEx,3.93934E+11,10/6/2025 8:33,,,,,,,,,nan,,10/5/2025
309394,nan,0,US,MA,10/5/2025 12:11,,10/5/2025 12:11,FedEx,3.93935E+11,10/6/2025 8:48,,,,,,,,,nan,,10/5/2025
309394,nan,0,US,MA,10/5/2025 12:11,,10/5/2025 12:11,FedEx,3.93935E+11,10/6/2025 8:48,,,,,,,,,nan,,10/5/2025
309395,114-0360459-2216277,90,US,CA,10/5/2025 15:51,,10/5/2025 15:51,FedEx,3.93935E+11,10/6/2025 8:38,10/5/2025 13:50,,,,-2.01,,,,nan,,10/5/2025
309395,114-0360459-2216277,90,US,CA,10/5/2025 15:51,,10/5/2025 15:51,FedEx,3.93935E+11,10/6/2025 8:38,10/5/2025 13:50,,,,-2.01,,,,nan,,10/5/2025
309396,701-1309897-4328207,90,CA,BC,10/5/2025 15:51,,10/5/2025 15:51,,,,10/5/2025 13:50,,,,-2.021111111,,,,nan,,10/5/2025
309396,701-1309897-4328207,90,CA,BC,10/5/2025 15:51,,10/5/2025 15:51,,,,10/5/2025 13:50,,,,-2.021111111,,,,nan,,10/5/2025
309397,nan,0,US,AZ,10/5/2025 17:59,,10/5/2025 17:59,,,,,,,,,,,,nan,,10/5/2025
309398,112-8414162-5070663,90,US,TN,10/5/2025 18:51,,10/5/2025 18:51,FedEx,3.93935E+11,10/6/2025 8:38,10/5/2025 16:50,,,,-2.009444444,,,,nan,,10/5/2025
309398,112-8414162-5070663,90,US,TN,10/5/2025 18:51,,10/5/2025 18:51,FedEx,3.93935E+11,10/6/2025 8:38,10/5/2025 16:50,,,,-2.009444444,,,,nan,,10/5/2025
309399,nan,0,US,NH,10/5/2025 20:31,,10/5/2025 20:31,FedEx,3.93935E+11,10/6/2025 8:43,,,,,,,,,nan,,10/5/2025
309399,nan,0,US,NH,10/5/2025 20:31,,10/5/2025 20:31,FedEx,3.93935E+11,10/6/2025 8:43,,,,,,,,,nan,,10/5/2025
309399,nan,0,US,NH,10/5/2025 20:31,,10/5/2025 20:31,FedEx,3.93935E+11,10/6/2025 8:43,,,,,,,,,nan,,10/5/2025
309400,nan,0,US,TN,10/5/2025 22:32,,10/5/2025 22:32,FedEx,3.93934E+11,10/6/2025 8:33,,,,,,,,,nan,,10/5/2025
309400,nan,0,US,TN,10/5/2025 22:32,,10/5/2025 22:33,FedEx,3.93934E+11,10/6/2025 8:33,,,,,,,,,nan,,10/5/2025
309400,nan,0,US,TN,10/5/2025 22:32,,10/5/2025 22:33,FedEx,3.93934E+11,10/6/2025 8:33,,,,,,,,,nan,,10/5/2025
309392,nan,0,DE,DE-NW,10/5/2025 3:47,,10/6/2025 3:30,ups,1ZE8K4186850010477,,,,,,,,,,nan,,10/5/2025
309378,702-4190230-7001041,90,CA,QC,10/3/2025 16:06,,10/6/2025 7:38,,,,10/3/2025 14:05,,,,-2.018055556,,,,nan,,10/3/2025
309396,701-1309897-4328207,90,CA,BC,10/5/2025 15:51,,10/6/2025 7:38,,,,10/5/2025 13:50,,,,-2.021111111,,,,nan,,10/5/2025
309382,nan,0,US,CA,10/3/2025 21:48,,10/6/2025 7:38,FedEx,3.93934E+11,10/6/2025 8:23,,,,,,,,,nan,,10/3/2025
309387,113-6864063-5005863,90,US,FL,10/4/2025 13:36,,10/6/2025 7:38,FedEx,3.93935E+11,10/6/2025 8:43,10/4/2025 11:35,,,,-2.008888889,,,,nan,,10/4/2025
309379,nan,0,US,FL,10/3/2025 16:53,,10/6/2025 7:38,FedEx,3.93935E+11,10/6/2025 8:43,,,,,,,,,nan,,10/3/2025
309385,113-9770700-1299410,90,US,MI,10/4/2025 12:51,,10/6/2025 7:38,FedEx,3.93934E+11,10/6/2025 8:33,10/4/2025 10:50,,,,-2.009722222,,,,nan,,10/4/2025
309381,nan,0,US,CA,10/3/2025 18:27,,10/6/2025 7:38,FedEx,3.93934E+11,10/6/2025 8:28,,,,,,,,,nan,,10/3/2025
309380,113-0014909-5653069,90,US,WA,10/3/2025 18:06,,10/6/2025 7:38,FedEx,3.93935E+11,10/6/2025 8:43,10/3/2025 16:05,,,,-2.01,,,,nan,,10/3/2025
309386,nan,0,US,TX,10/4/2025 12:51,,10/6/2025 7:38,FedEx,3.93934E+11,10/6/2025 8:28,,,,,,,,,nan,,10/4/2025
309383,112-5993850-4838656,90,US,NH,10/4/2025 5:36,,10/6/2025 7:38,FedEx,3.93934E+11,10/6/2025 8:28,10/4/2025 3:35,,,,-2.008888889,,,,nan,,10/4/2025
309384,nan,0,US,FL,10/4/2025 12:35,,10/6/2025 7:38,FedEx,3.93935E+11,10/6/2025 8:33,,,,,,,,,nan,,10/4/2025
309388,nan,0,US,MO,10/4/2025 17:08,,10/6/2025 7:38,FedEx,3.93934E+11,10/6/2025 8:28,,,,,,,,,nan,,10/4/2025
309391,nan,0,US,FL,10/5/2025 2:54,,10/6/2025 7:39,FedEx,3.93934E+11,10/6/2025 8:33,,,,,,,,,nan,,10/5/2025
309390,112-4546278-7283412,90,US,TX,10/4/2025 17:51,,10/6/2025 7:39,FedEx,3.93935E+11,10/6/2025 8:43,10/4/2025 15:50,,,,-2.009722222,,,,nan,,10/4/2025
309399,nan,0,US,NH,10/5/2025 20:31,,10/6/2025 7:39,FedEx,3.93935E+11,10/6/2025 8:43,,,,,,,,,nan,,10/5/2025
309393,nan,0,US,NV,10/5/2025 10:04,,10/6/2025 7:39,FedEx,3.93934E+11,10/6/2025 8:33,,,,,,,,,nan,,10/5/2025
309389,111-9420146-0481047,90,US,CA,10/4/2025 17:36,,10/6/2025 7:39,FedEx,3.93934E+11,10/6/2025 8:28,10/4/2025 15:35,,,,-2.009166667,,,,nan,,10/4/2025
309398,112-8414162-5070663,90,US,TN,10/5/2025 18:51,,10/6/2025 7:39,FedEx,3.93935E+11,10/6/2025 8:38,10/5/2025 16:50,,,,-2.009444444,,,,nan,,10/5/2025
309395,114-0360459-2216277,90,US,CA,10/5/2025 15:51,,10/6/2025 7:39,FedEx,3.93935E+11,10/6/2025 8:38,10/5/2025 13:50,,,,-2.01,,,,nan,,10/5/2025
309394,nan,0,US,MA,10/5/2025 12:11,,10/6/2025 7:39,FedEx,3.93935E+11,10/6/2025 8:48,,,,,,,,,nan,,10/5/2025
309400,nan,0,US,TN,10/5/2025 22:32,,10/6/2025 7:39,FedEx,3.93934E+11,10/6/2025 8:33,,,,,,,,,nan,,10/5/2025
309401,113-8642682-6419415,90,US,PA,10/6/2025 7:51,,10/6/2025 7:51,,,,10/6/2025 5:50,,,,-2.009444444,,,,nan,,10/6/2025
309401,113-8642682-6419415,90,US,PA,10/6/2025 7:51,,10/6/2025 7:51,,,,10/6/2025 5:50,,,,-2.009444444,,,,nan,,10/6/2025
309376,112-7196011-0688245,90,US,TX,10/3/2025 12:51,,10/6/2025 8:23,FedEx,3.93934E+11,10/6/2025 8:23,10/3/2025 10:50,,,,-2.009444444,,,,nan,,10/3/2025
309382,nan,0,US,CA,10/3/2025 21:48,,10/6/2025 8:23,FedEx,3.93934E+11,10/6/2025 8:23,,,,,,,,,nan,,10/3/2025
309381,nan,0,US,CA,10/3/2025 18:27,,10/6/2025 8:28,FedEx,3.93934E+11,10/6/2025 8:28,,,,,,,,,nan,,10/3/2025
309386,nan,0,US,TX,10/4/2025 12:51,,10/6/2025 8:28,FedEx,3.93934E+11,10/6/2025 8:28,,,,,,,,,nan,,10/4/2025
309383,112-5993850-4838656,90,US,NH,10/4/2025 5:36,,10/6/2025 8:28,FedEx,3.93934E+11,10/6/2025 8:28,10/4/2025 3:35,,,,-2.008888889,,,,nan,,10/4/2025
309388,nan,0,US,MO,10/4/2025 17:08,,10/6/2025 8:28,FedEx,3.93934E+11,10/6/2025 8:28,,,,,,,,,nan,,10/4/2025
309389,111-9420146-0481047,90,US,CA,10/4/2025 17:36,,10/6/2025 8:28,FedEx,3.93934E+11,10/6/2025 8:28,10/4/2025 15:35,,,,-2.009166667,,,,nan,,10/4/2025
309400,nan,0,US,TN,10/5/2025 22:32,,10/6/2025 8:33,FedEx,3.93934E+11,10/6/2025 8:33,,,,,,,,,nan,,10/5/2025
309391,nan,0,US,FL,10/5/2025 2:54,,10/6/2025 8:33,FedEx,3.93934E+11,10/6/2025 8:33,,,,,,,,,nan,,10/5/2025
309375,nan,0,US,TX,10/3/2025 11:27,,10/6/2025 8:33,FedEx,3.93934E+11,10/6/2025 8:33,,,,,,,,,nan,,10/3/2025
309393,nan,0,US,NV,10/5/2025 10:04,,10/6/2025 8:33,FedEx,3.93934E+11,10/6/2025 8:33,,,,,,,,,nan,,10/5/2025
309385,113-9770700-1299410,90,US,MI,10/4/2025 12:51,,10/6/2025 8:33,FedEx,3.93934E+11,10/6/2025 8:33,10/4/2025 10:50,,,,-2.009722222,,,,nan,,10/4/2025
309384,nan,0,US,FL,10/4/2025 12:35,,10/6/2025 8:34,FedEx,3.93935E+11,10/6/2025 8:33,,,,,,,,,nan,,10/4/2025
309398,112-8414162-5070663,90,US,TN,10/5/2025 18:51,,10/6/2025 8:38,FedEx,3.93935E+11,10/6/2025 8:38,10/5/2025 16:50,,,,-2.009444444,,,,nan,,10/5/2025
309395,114-0360459-2216277,90,US,CA,10/5/2025 15:51,,10/6/2025 8:38,FedEx,3.93935E+11,10/6/2025 8:38,10/5/2025 13:50,,,,-2.01,,,,nan,,10/5/2025
309376,112-7196011-0688245,90,US,TX,10/3/2025 12:51,,10/6/2025 8:38,FedEx,3.93934E+11,10/6/2025 8:23,10/3/2025 10:50,,,,-2.009444444,,,,nan,,10/3/2025
309388,nan,0,US,MO,10/4/2025 17:08,,10/6/2025 8:38,FedEx,3.93934E+11,10/6/2025 8:28,,,,,,,,,nan,,10/4/2025
309386,nan,0,US,TX,10/4/2025 12:51,,10/6/2025 8:38,FedEx,3.93934E+11,10/6/2025 8:28,,,,,,,,,nan,,10/4/2025
309383,112-5993850-4838656,90,US,NH,10/4/2025 5:36,,10/6/2025 8:38,FedEx,3.93934E+11,10/6/2025 8:28,10/4/2025 3:35,,,,-2.008888889,,,,nan,,10/4/2025
309382,nan,0,US,CA,10/3/2025 21:48,,10/6/2025 8:38,FedEx,3.93934E+11,10/6/2025 8:23,,,,,,,,,nan,,10/3/2025
309381,nan,0,US,CA,10/3/2025 18:27,,10/6/2025 8:38,FedEx,3.93934E+11,10/6/2025 8:28,,,,,,,,,nan,,10/3/2025
309400,nan,0,US,TN,10/5/2025 22:32,,10/6/2025 8:38,FedEx,3.93934E+11,10/6/2025 8:33,,,,,,,,,nan,,10/5/2025
309393,nan,0,US,NV,10/5/2025 10:04,,10/6/2025 8:38,FedEx,3.93934E+11,10/6/2025 8:33,,,,,,,,,nan,,10/5/2025
309391,nan,0,US,FL,10/5/2025 2:54,,10/6/2025 8:38,FedEx,3.93934E+11,10/6/2025 8:33,,,,,,,,,nan,,10/5/2025
309389,111-9420146-0481047,90,US,CA,10/4/2025 17:36,,10/6/2025 8:38,FedEx,3.93934E+11,10/6/2025 8:28,10/4/2025 15:35,,,,-2.009166667,,,,nan,,10/4/2025
309375,nan,0,US,TX,10/3/2025 11:27,,10/6/2025 8:38,FedEx,3.93934E+11,10/6/2025 8:33,,,,,,,,,nan,,10/3/2025
309398,112-8414162-5070663,90,US,TN,10/5/2025 18:51,,10/6/2025 8:38,FedEx,3.93935E+11,10/6/2025 8:38,10/5/2025 16:50,,,,-2.009444444,,,,nan,,10/5/2025
309395,114-0360459-2216277,90,US,CA,10/5/2025 15:51,,10/6/2025 8:38,FedEx,3.93935E+11,10/6/2025 8:38,10/5/2025 13:50,,,,-2.01,,,,nan,,10/5/2025
309385,113-9770700-1299410,90,US,MI,10/4/2025 12:51,,10/6/2025 8:38,FedEx,3.93934E+11,10/6/2025 8:33,10/4/2025 10:50,,,,-2.009722222,,,,nan,,10/4/2025
309384,nan,0,US,FL,10/4/2025 12:35,,10/6/2025 8:38,FedEx,3.93935E+11,10/6/2025 8:33,,,,,,,,,nan,,10/4/2025
309387,113-6864063-5005863,90,US,FL,10/4/2025 13:36,,10/6/2025 8:43,FedEx,3.93935E+11,10/6/2025 8:43,10/4/2025 11:35,,,,-2.008888889,,,,nan,,10/4/2025
309390,112-4546278-7283412,90,US,TX,10/4/2025 17:51,,10/6/2025 8:43,FedEx,3.93935E+11,10/6/2025 8:43,10/4/2025 15:50,,,,-2.009722222,,,,nan,,10/4/2025
309377,nan,0,US,GA,10/3/2025 13:15,,10/6/2025 8:43,FedEx,3.93935E+11,10/6/2025 8:43,,,,,,,,,nan,,10/3/2025
309380,113-0014909-5653069,90,US,WA,10/3/2025 18:06,,10/6/2025 8:43,FedEx,3.93935E+11,10/6/2025 8:43,10/3/2025 16:05,,,,-2.01,,,,nan,,10/3/2025
309399,nan,0,US,NH,10/5/2025 20:31,,10/6/2025 8:43,FedEx,3.93935E+11,10/6/2025 8:43,,,,,,,,,nan,,10/5/2025
309379,nan,0,US,FL,10/3/2025 16:53,,10/6/2025 8:44,FedEx,3.93935E+11,10/6/2025 8:43,,,,,,,,,nan,,10/3/2025
309394,nan,0,US,MA,10/5/2025 12:11,,10/6/2025 8:48,FedEx,3.93935E+11,10/6/2025 8:48,,,,,,,,,nan,,10/5/2025
309399,nan,0,US,NH,10/5/2025 20:31,,10/6/2025 8:59,FedEx,3.93935E+11,10/6/2025 8:43,,,,,,,,,nan,,10/5/2025
309390,112-4546278-7283412,90,US,TX,10/4/2025 17:51,,10/6/2025 8:59,FedEx,3.93935E+11,10/6/2025 8:43,10/4/2025 15:50,,,,-2.009722222,,,,nan,,10/4/2025
309387,113-6864063-5005863,90,US,FL,10/4/2025 13:36,,10/6/2025 8:59,FedEx,3.93935E+11,10/6/2025 8:43,10/4/2025 11:35,,,,-2.008888889,,,,nan,,10/4/2025
309380,113-0014909-5653069,90,US,WA,10/3/2025 18:06,,10/6/2025 8:59,FedEx,3.93935E+11,10/6/2025 8:43,10/3/2025 16:05,,,,-2.01,,,,nan,,10/3/2025
309379,nan,0,US,FL,10/3/2025 16:53,,10/6/2025 8:59,FedEx,3.93935E+11,10/6/2025 8:43,,,,,,,,,nan,,10/3/2025
309377,nan,0,US,GA,10/3/2025 13:15,,10/6/2025 8:59,FedEx,3.93935E+11,10/6/2025 8:43,,,,,,,,,nan,,10/3/2025
309394,nan,0,US,MA,10/5/2025 12:11,,10/6/2025 8:59,FedEx,3.93935E+11,10/6/2025 8:48,,,,,,,,,nan,,10/5/2025
309402,111-2891618-8232235,90,US,FL,10/6/2025 9:51,,10/6/2025 9:51,,,,10/6/2025 7:50,,,,-2.009444444,,,,nan,,10/6/2025
309402,111-2891618-8232235,90,US,FL,10/6/2025 9:51,,10/6/2025 9:51,,,,10/6/2025 7:50,,,,-2.009444444,,,,nan,,10/6/2025
309403,nan,0,US,CT,10/6/2025 10:07,,10/6/2025 10:07,,,,,,,,,,,,nan,,10/6/2025
309403,nan,0,US,CT,10/6/2025 10:07,,10/6/2025 10:07,,,,,,,,,,,,nan,,10/6/2025
